group,feature_column,code,category,clinical_interpretation,data_quality_flag
contact_reasons,contact_Abortrelaterade besvär,Abortrelaterade besvär,,Abortion-related concerns,
contact_reasons,contact_Administrativ åtgärd,Administrativ åtgärd,,Administrative action,
contact_reasons,contact_Allergiska symtom,Allergiska symtom,,Allergic symptoms,
contact_reasons,contact_Allmän medicinsk information,Allmän medicinsk information,,General medical information,
contact_reasons,contact_Amnings- och uppfödningsbesvär - fö,Amnings- och uppfödningsbesvär - fö,,Breastfeeding/feeding problems - newborn [truncated],
contact_reasons,contact_Amnings- och uppfödningsbesvär - sp,Amnings- och uppfödningsbesvär - sp,,Breastfeeding/feeding problems - infant [truncated],
contact_reasons,contact_Analbesvär,Analbesvär,,Anal problems,
contact_reasons,contact_Andningsbesvär - barn,Andningsbesvär - barn,,Breathing difficulties - child,
contact_reasons,contact_Andningsbesvär - vuxen,Andningsbesvär - vuxen,,Breathing difficulties - adult,
contact_reasons,contact_Ansiktsbesvär,Ansiktsbesvär,,Facial complaints,
contact_reasons,contact_Ansiktsbesvär - hud,Ansiktsbesvär - hud,,Facial complaints - skin,
contact_reasons,contact_Ansiktsskada,Ansiktsskada,,Facial injury,
contact_reasons,contact_Armbesvär,Armbesvär,,Arm complaints,
contact_reasons,contact_Armskada,Armskada,,Arm injury,
contact_reasons,contact_Avföring hos spädbarn 0-12 månader,Avföring hos spädbarn 0-12 månader,,Stool issues in infants 0-12 months,
contact_reasons,contact_Avföringsförändring,Avföringsförändring,,Change in bowel movements,
contact_reasons,contact_Axelbesvär,Axelbesvär,,Shoulder complaints,
contact_reasons,contact_Axelskada,Axelskada,,Shoulder injury,
contact_reasons,contact_Ben- och fotsvullnad,Ben- och fotsvullnad,,Leg and foot swelling,
contact_reasons,contact_Ben- och fotsår,Ben- och fotsår,,Leg and foot sores/ulcers,
contact_reasons,contact_Benbesvär - barn,Benbesvär - barn,,Leg complaints - child,
contact_reasons,contact_Benbesvär - vuxen,Benbesvär - vuxen,,Leg complaints - adult,
contact_reasons,contact_Benskada,Benskada,,Leg injury,
contact_reasons,contact_Besvär efter tandbehandling,Besvär efter tandbehandling,,Complaints after dental treatment,
contact_reasons,contact_Bett av djur,Bett av djur,,Animal bite,
contact_reasons,contact_Bett av fästing,Bett av fästing,,Tick bite,
contact_reasons,contact_Bett av människa,Bett av människa,,Human bite,
contact_reasons,contact_Bett av orm,Bett av orm,,Snake bite,
contact_reasons,contact_Bett eller stick av insekt,Bett eller stick av insekt,,Insect bite or sting,
contact_reasons,contact_Bihålebesvär,Bihålebesvär,,Sinus problems,
contact_reasons,contact_Blod i avföringen - barn,Blod i avföringen - barn,,Blood in stool - child,
contact_reasons,contact_Blod i avföringen - vuxen,Blod i avföringen - vuxen,,Blood in stool - adult,
contact_reasons,contact_Blodig upphostning,Blodig upphostning,,Coughing up blood (haemoptysis),
contact_reasons,"contact_Blodsocker, uppmätt högt","Blodsocker, uppmätt högt",,"Blood glucose, measured high",
contact_reasons,"contact_Blodsocker, uppmätt lågt","Blodsocker, uppmätt lågt",,"Blood glucose, measured low",
contact_reasons,contact_Blodtryck - uppmätt högt hos vuxna,Blodtryck - uppmätt högt hos vuxna,,Blood pressure - measured high in adults,
contact_reasons,contact_Blodtryck - uppmätt lågt hos vuxen,Blodtryck - uppmätt lågt hos vuxen,,Blood pressure - measured low in adults,
contact_reasons,contact_Blåmärke,Blåmärke,,Bruise,
contact_reasons,contact_Blåsor och sår runt munnen,Blåsor och sår runt munnen,,Blisters and sores around the mouth,
contact_reasons,contact_Blödning under graviditet,Blödning under graviditet,,Bleeding during pregnancy,
contact_reasons,contact_Bortfallssymtom,Bortfallssymtom,,Withdrawal/deficit symptoms (e.g. neurological),
contact_reasons,contact_Bränd av manet i svenska vatten,Bränd av manet i svenska vatten,,Jellyfish sting (Swedish waters),
contact_reasons,contact_Brännskada,Brännskada,,Burn injury,
contact_reasons,contact_Bröstkorgsskada,Bröstkorgsskada,,Chest injury,
contact_reasons,contact_Bröstkörtelbesvär,Bröstkörtelbesvär,,Breast/mammary gland complaints,
contact_reasons,contact_Bröstsmärta,Bröstsmärta,,Chest pain,
contact_reasons,contact_Buksmärta - barn,Buksmärta - barn,,Abdominal pain - child,
contact_reasons,contact_Buksmärta - vuxen,Buksmärta - vuxen,,Abdominal pain - adult,
contact_reasons,contact_Böld,Böld,,Abscess/boil,
contact_reasons,contact_Diarré - barn,Diarré - barn,,Diarrhoea - child,
contact_reasons,contact_Diarré - spädbarn (0-12 månader),Diarré - spädbarn (0-12 månader),,Diarrhoea - infant (0-12 months),
contact_reasons,contact_Diarré - vuxen,Diarré - vuxen,,Diarrhoea - adult,
contact_reasons,contact_Dykrelaterade besvär,Dykrelaterade besvär,,Diving-related complaints,
contact_reasons,contact_Elskada,Elskada,,Electrical injury,
contact_reasons,contact_Erektionsrelaterade besvär,Erektionsrelaterade besvär,,Erection-related problems,
contact_reasons,contact_Feber - barn,Feber - barn,,Fever - child,
contact_reasons,contact_Feber - vuxen,Feber - vuxen,,Fever - adult,
contact_reasons,contact_Fot- och fotledsbesvär - barn,Fot- och fotledsbesvär - barn,,Foot and ankle complaints - child,
contact_reasons,contact_Fot- och fotledsbesvär - vuxen,Fot- och fotledsbesvär - vuxen,,Foot and ankle complaints - adult,
contact_reasons,contact_Fot- och fotledsskada,Fot- och fotledsskada,,Foot and ankle injury,
contact_reasons,contact_Främmande kropp i luftvägarna,Främmande kropp i luftvägarna,,Foreign body in the airway,
contact_reasons,contact_Främmande kropp i matstrupe eller m,Främmande kropp i matstrupe eller m,,"Foreign body in oesophagus or [stomach, truncated]",
contact_reasons,contact_Främmande kropp i underlivet,Främmande kropp i underlivet,,Foreign body in the genital area,
contact_reasons,contact_Främmande kropp i ändtarmen,Främmande kropp i ändtarmen,,Foreign body in the rectum,
contact_reasons,contact_Främmande kropp i örat,Främmande kropp i örat,,Foreign body in the ear,
contact_reasons,contact_Förgiftningstillbud - barn,Förgiftningstillbud - barn,,Poisoning incident - child,
contact_reasons,contact_Förgiftningstillbud - vuxen,Förgiftningstillbud - vuxen,,Poisoning incident - adult,
contact_reasons,contact_Förlossningsrelaterade besvär,Förlossningsrelaterade besvär,,Childbirth-related complaints,
contact_reasons,contact_Förvirring,Förvirring,,Confusion,
contact_reasons,contact_Gasbesvär,Gasbesvär,,Gas/bloating problems,
contact_reasons,contact_Gipsrelaterade besvär,Gipsrelaterade besvär,,Cast (plaster)-related problems,
contact_reasons,contact_Graviditetsbesvär,Graviditetsbesvär,,Pregnancy complaints,
contact_reasons,contact_Halsbränna,Halsbränna,,Heartburn,
contact_reasons,contact_Halsont,Halsont,,Sore throat,
contact_reasons,contact_Halsskada,Halsskada,,Neck/throat injury,
contact_reasons,contact_Handbesvär,Handbesvär,,Hand complaints,
contact_reasons,contact_Handledsbesvär,Handledsbesvär,,Wrist complaints,
contact_reasons,contact_Handledsskada,Handledsskada,,Wrist injury,
contact_reasons,contact_Handskada,Handskada,,Hand injury,
contact_reasons,contact_Heshet,Heshet,,Hoarseness,
contact_reasons,contact_Hicka,Hicka,,Hiccups,
contact_reasons,contact_Hosta - barn,Hosta - barn,,Cough - child,
contact_reasons,contact_Hosta - vuxen,Hosta - vuxen,,Cough - adult,
contact_reasons,"contact_Hud hos barn, 0-6 månader","Hud hos barn, 0-6 månader",,"Skin issues in children, 0-6 months",
contact_reasons,contact_Hudförändring,Hudförändring,,Skin change,
contact_reasons,contact_Huvudvärk - barn,Huvudvärk - barn,,Headache - child,
contact_reasons,contact_Huvudvärk - vuxen,Huvudvärk - vuxen,,Headache - adult,
contact_reasons,contact_Håravfall,Håravfall,,Hair loss,
contact_reasons,contact_Hårbottenbesvär,Hårbottenbesvär,,Scalp complaints,
contact_reasons,contact_Höft- och bäckenbesvär - barn,Höft- och bäckenbesvär - barn,,Hip and pelvis complaints - child,
contact_reasons,contact_Höft- och bäckenbesvär - vuxen,Höft- och bäckenbesvär - vuxen,,Hip and pelvis complaints - adult,
contact_reasons,contact_Höft- och bäckenskada,Höft- och bäckenskada,,Hip and pelvis injury,
contact_reasons,contact_Klimakteriebesvär,Klimakteriebesvär,,Menopausal complaints,
contact_reasons,contact_Klåda,Klåda,,Itching,
contact_reasons,contact_Knäbesvär - barn,Knäbesvär - barn,,Knee complaints - child,
contact_reasons,contact_Knäbesvär - vuxen,Knäbesvär - vuxen,,Knee complaints - adult,
contact_reasons,contact_Knäskada,Knäskada,,Knee injury,
contact_reasons,contact_Knöl,Knöl,,Lump,
contact_reasons,contact_Kontaktlinsrelaterade besvär,Kontaktlinsrelaterade besvär,,Contact lens-related problems,
contact_reasons,contact_Krampanfall,Krampanfall,,Seizure,
contact_reasons,contact_Kräkning - spädbarn (0-12 månader),Kräkning - spädbarn (0-12 månader),,Vomiting - infant (0-12 months),
contact_reasons,contact_Kräkning och illamående - barn,Kräkning och illamående - barn,,Vomiting and nausea - child,
contact_reasons,contact_Kräkning och illamående - vuxen,Kräkning och illamående - vuxen,,Vomiting and nausea - adult,
contact_reasons,contact_Käkbesvär,Käkbesvär,,Jaw complaints,
contact_reasons,contact_Led- och muskelbesvär - barn,Led- och muskelbesvär - barn,,Joint and muscle complaints - child,
contact_reasons,contact_Led- och muskelbesvär - vuxen,Led- och muskelbesvär - vuxen,,Joint and muscle complaints - adult,
contact_reasons,contact_Ljumskbesvär,Ljumskbesvär,,Groin complaints,
contact_reasons,contact_Luktförändring,Luktförändring,,Change in sense of smell,
contact_reasons,contact_Läkemedelsfråga,Läkemedelsfråga,,Medication question,
contact_reasons,contact_Låg kroppstemperatur,Låg kroppstemperatur,,Low body temperature (hypothermia),
contact_reasons,contact_Mask,Mask,,Worms (parasites),
contact_reasons,contact_Medvetandeförlust,Medvetandeförlust,,Loss of consciousness,
contact_reasons,contact_Minnesstörning,Minnesstörning,,Memory disturbance,
contact_reasons,contact_Munhålebesvär,Munhålebesvär,,Oral cavity complaints,
contact_reasons,contact_Munskada,Munskada,,Mouth injury,
contact_reasons,contact_Nackbesvär,Nackbesvär,,Neck complaints,
contact_reasons,contact_Nackskada,Nackskada,,Neck injury,
contact_reasons,contact_Nagelbesvär,Nagelbesvär,,Nail complaints,
contact_reasons,contact_Nagelskada,Nagelskada,,Nail injury,
contact_reasons,"contact_Nedkylning, köldskada","Nedkylning, köldskada",,Cold exposure / cold injury (hypothermia/frostbite),
contact_reasons,contact_Nedsatt aptit,Nedsatt aptit,,Reduced appetite,
contact_reasons,contact_Nedstämdhet,Nedstämdhet,,Low mood,
contact_reasons,contact_Näsblödning,Näsblödning,,Nosebleed,
contact_reasons,"contact_Nästäppa, snuva","Nästäppa, snuva",,"Nasal congestion, runny nose",
contact_reasons,contact_Oro för sexuell ohälsa,Oro för sexuell ohälsa,,Concern about sexual health,
contact_reasons,"contact_Oro, ångest","Oro, ångest",,"Worry, anxiety",
contact_reasons,contact_Piercingrelaterade besvär,Piercingrelaterade besvär,,Piercing-related problems,
contact_reasons,contact_Postoperativ blödning från underliv,Postoperativ blödning från underliv,,"Postoperative bleeding from the [genital area, truncated]",
contact_reasons,contact_Postoperativa besvär,Postoperativa besvär,,Postoperative complaints,
contact_reasons,contact_Ryggbesvär - barn,Ryggbesvär - barn,,Back complaints - child,
contact_reasons,contact_Ryggbesvär - vuxen,Ryggbesvär - vuxen,,Back complaints - adult,
contact_reasons,contact_Ryggskada,Ryggskada,,Back injury,
contact_reasons,contact_Rytmrubbning i hjärtat,Rytmrubbning i hjärtat,,Cardiac arrhythmia,
contact_reasons,contact_Skakningar,Skakningar,,Tremors/shaking,
contact_reasons,contact_Skrik hos små barn,Skrik hos små barn,,Excessive crying in young children,
contact_reasons,contact_Slag mot huvudet - barn,Slag mot huvudet - barn,,Head trauma/blow to the head - child,
contact_reasons,contact_Slag mot huvudet - vuxen,Slag mot huvudet - vuxen,,Head trauma/blow to the head - adult,
contact_reasons,contact_Smakförändring,Smakförändring,,Change in taste,
contact_reasons,contact_Sol- och värmebesvär,Sol- och värmebesvär,,Sun and heat-related complaints,
contact_reasons,contact_Stick av fjärsing,Stick av fjärsing,,Weever fish sting,
contact_reasons,contact_Stickningar och myrkrypningar,Stickningar och myrkrypningar,,Tingling and pins-and-needles sensation,
contact_reasons,contact_Stödsamtal,Stödsamtal,,Supportive counselling call,
contact_reasons,contact_Svettningar,Svettningar,,Sweating,
contact_reasons,contact_Sväljningsbesvär,Sväljningsbesvär,,Swallowing difficulties,
contact_reasons,contact_Synförändring,Synförändring,,Change in vision,
contact_reasons,contact_Sår med infektionstecken,Sår med infektionstecken,,Wound with signs of infection,
contact_reasons,contact_Sårskada,Sårskada,,Wound injury,
contact_reasons,contact_Sömnbesvär - barn,Sömnbesvär - barn,,Sleep problems - child,
contact_reasons,contact_Sömnbesvär - vuxen,Sömnbesvär - vuxen,,Sleep problems - adult,
contact_reasons,contact_Tandbesvär,Tandbesvär,,Tooth complaints,
contact_reasons,contact_Tandköttsbesvär,Tandköttsbesvär,,Gum complaints,
contact_reasons,contact_Tandskada - mjölktänder,Tandskada - mjölktänder,,Tooth injury - baby teeth,
contact_reasons,contact_Tandskada - permanenta tänder,Tandskada - permanenta tänder,,Tooth injury - permanent teeth,
contact_reasons,contact_Tatueringsrelaterade besvär,Tatueringsrelaterade besvär,,Tattoo-related problems,
contact_reasons,contact_Trötthet,Trötthet,,Fatigue,
contact_reasons,contact_Underlivsbesvär - flicka,Underlivsbesvär - flicka,,Genital complaints - girl,
contact_reasons,contact_Underlivsbesvär - kvinna,Underlivsbesvär - kvinna,,Genital complaints - woman,
contact_reasons,contact_Underlivsbesvär - man,Underlivsbesvär - man,,Genital complaints - man,
contact_reasons,contact_Underlivsbesvär - pojke,Underlivsbesvär - pojke,,Genital complaints - boy,
contact_reasons,contact_Underlivsblödning,Underlivsblödning,,Genital bleeding,
contact_reasons,contact_Undervikt,Undervikt,,Underweight,
contact_reasons,contact_Urinförändring - mängd,Urinförändring - mängd,,Change in urination - volume,
contact_reasons,contact_Urinförändring - utseende och lukt,Urinförändring - utseende och lukt,,Change in urination - appearance and odour,
contact_reasons,contact_Urininkontinens - barn,Urininkontinens - barn,,Urinary incontinence - child,
contact_reasons,contact_Urininkontinens - kvinna,Urininkontinens - kvinna,,Urinary incontinence - woman,
contact_reasons,contact_Urininkontinens - man,Urininkontinens - man,,Urinary incontinence - man,
contact_reasons,contact_Urinvägsbesvär - barn,Urinvägsbesvär - barn,,Urinary tract complaints - child,
contact_reasons,contact_Urinvägsbesvär - kvinna,Urinvägsbesvär - kvinna,,Urinary tract complaints - woman,
contact_reasons,contact_Urinvägsbesvär - man,Urinvägsbesvär - man,,Urinary tract complaints - man,
contact_reasons,contact_Utebliven avföring - barn,Utebliven avföring - barn,,Absence of bowel movement - child,
contact_reasons,contact_Utebliven avföring - vuxen,Utebliven avföring - vuxen,,Absence of bowel movement - adult,
contact_reasons,contact_Utebliven mens,Utebliven mens,,Missed menstrual period,
contact_reasons,contact_Utslag - barn,Utslag - barn,,Rash - child,
contact_reasons,contact_Utslag - vuxen,Utslag - vuxen,,Rash - adult,
contact_reasons,contact_Vanföreställningar eller hallucinat,Vanföreställningar eller hallucinat,,"Delusions or [hallucinations, truncated]",
contact_reasons,contact_Viktnedgång,Viktnedgång,,Weight loss,
contact_reasons,contact_Viktuppgång,Viktuppgång,,Weight gain,
contact_reasons,contact_Yrsel,Yrsel,,Dizziness,
contact_reasons,contact_Ätstörning,Ätstörning,,Eating disorder,
contact_reasons,contact_Ögonbesvär - barn,Ögonbesvär - barn,,Eye complaints - child,
contact_reasons,contact_Ögonbesvär - vuxen,Ögonbesvär - vuxen,,Eye complaints - adult,
contact_reasons,contact_Ögonlocksbesvär,Ögonlocksbesvär,,Eyelid complaints,
contact_reasons,contact_Ögonskada,Ögonskada,,Eye injury,
contact_reasons,contact_Ökad törst,Ökad törst,,Increased thirst,
contact_reasons,contact_Öronbesvär - barn,Öronbesvär - barn,,Ear complaints - child,
contact_reasons,contact_Öronbesvär - vuxen,Öronbesvär - vuxen,,Ear complaints - adult,
contact_reasons,contact_Öronskada,Öronskada,,Ear injury,
contact_reasons,contact_Övervikt,Övervikt,,Overweight,
contact_reasons,contact_Övrig,Övrig,,Other/miscellaneous [likely truncated],
atc_codes,lmed_A01,A01,Alimentary tract and metabolism,,
atc_codes,lmed_A01A,A01A,Alimentary tract and metabolism,,
atc_codes,lmed_A02,A02,Alimentary tract and metabolism,,
atc_codes,lmed_A02A,A02A,Alimentary tract and metabolism,,
atc_codes,lmed_A02B,A02B,Alimentary tract and metabolism,,
atc_codes,lmed_A03,A03,Alimentary tract and metabolism,,
atc_codes,lmed_A03A,A03A,Alimentary tract and metabolism,,
atc_codes,lmed_A03B,A03B,Alimentary tract and metabolism,,
atc_codes,lmed_A03C,A03C,Alimentary tract and metabolism,,
atc_codes,lmed_A03F,A03F,Alimentary tract and metabolism,,
atc_codes,lmed_A04,A04,Alimentary tract and metabolism,,
atc_codes,lmed_A04A,A04A,Alimentary tract and metabolism,,
atc_codes,lmed_A05,A05,Alimentary tract and metabolism,,
atc_codes,lmed_A05A,A05A,Alimentary tract and metabolism,,
atc_codes,lmed_A05B,A05B,Alimentary tract and metabolism,,
atc_codes,lmed_A06,A06,Alimentary tract and metabolism,,
atc_codes,lmed_A06A,A06A,Alimentary tract and metabolism,,
atc_codes,lmed_A07,A07,Alimentary tract and metabolism,,
atc_codes,lmed_A07A,A07A,Alimentary tract and metabolism,,
atc_codes,lmed_A07B,A07B,Alimentary tract and metabolism,,
atc_codes,lmed_A07D,A07D,Alimentary tract and metabolism,,
atc_codes,lmed_A07E,A07E,Alimentary tract and metabolism,,
atc_codes,lmed_A07F,A07F,Alimentary tract and metabolism,,
atc_codes,lmed_A07X,A07X,Alimentary tract and metabolism,,
atc_codes,lmed_A08A,A08A,Alimentary tract and metabolism,,
atc_codes,lmed_A09,A09,Alimentary tract and metabolism,,
atc_codes,lmed_A09A,A09A,Alimentary tract and metabolism,,
atc_codes,lmed_A10,A10,Alimentary tract and metabolism,,
atc_codes,lmed_A10A,A10A,Alimentary tract and metabolism,,
atc_codes,lmed_A10B,A10B,Alimentary tract and metabolism,,
atc_codes,lmed_A11,A11,Alimentary tract and metabolism,,
atc_codes,lmed_A11B,A11B,Alimentary tract and metabolism,,
atc_codes,lmed_A11C,A11C,Alimentary tract and metabolism,,
atc_codes,lmed_A11D,A11D,Alimentary tract and metabolism,,
atc_codes,lmed_A11E,A11E,Alimentary tract and metabolism,,
atc_codes,lmed_A11G,A11G,Alimentary tract and metabolism,,
atc_codes,lmed_A11H,A11H,Alimentary tract and metabolism,,
atc_codes,lmed_A11J,A11J,Alimentary tract and metabolism,,
atc_codes,lmed_A12,A12,Alimentary tract and metabolism,,
atc_codes,lmed_A12A,A12A,Alimentary tract and metabolism,,
atc_codes,lmed_A12B,A12B,Alimentary tract and metabolism,,
atc_codes,lmed_A12C,A12C,Alimentary tract and metabolism,,
atc_codes,lmed_A14,A14,Alimentary tract and metabolism,,
atc_codes,lmed_A14A,A14A,Alimentary tract and metabolism,,
atc_codes,lmed_A16,A16,Alimentary tract and metabolism,,
atc_codes,lmed_A16A,A16A,Alimentary tract and metabolism,,
atc_codes,lmed_B01,B01,Blood and blood forming organs,,
atc_codes,lmed_B01A,B01A,Blood and blood forming organs,,
atc_codes,lmed_B01AC24,B01AC24,Blood and blood forming organs,,
atc_codes,lmed_B02A,B02A,Blood and blood forming organs,,
atc_codes,lmed_B02B,B02B,Blood and blood forming organs,,
atc_codes,lmed_B03,B03,Blood and blood forming organs,,
atc_codes,lmed_B03A,B03A,Blood and blood forming organs,,
atc_codes,lmed_B03B,B03B,Blood and blood forming organs,,
atc_codes,lmed_B03X,B03X,Blood and blood forming organs,,
atc_codes,lmed_B05,B05,Blood and blood forming organs,,
atc_codes,lmed_B05A,B05A,Blood and blood forming organs,,
atc_codes,lmed_B05B,B05B,Blood and blood forming organs,,
atc_codes,lmed_B05C,B05C,Blood and blood forming organs,,
atc_codes,lmed_B05D,B05D,Blood and blood forming organs,,
atc_codes,lmed_B05X,B05X,Blood and blood forming organs,,
atc_codes,lmed_B06,B06,Blood and blood forming organs,,
atc_codes,lmed_B06A,B06A,Blood and blood forming organs,,
atc_codes,lmed_C,C,Cardiovascular system,,
atc_codes,lmed_C01,C01,Cardiovascular system,,
atc_codes,lmed_C01A,C01A,Cardiovascular system,,
atc_codes,lmed_C01B,C01B,Cardiovascular system,,
atc_codes,lmed_C01C,C01C,Cardiovascular system,,
atc_codes,lmed_C01DA,C01DA,Cardiovascular system,,
atc_codes,lmed_C01E,C01E,Cardiovascular system,,
atc_codes,lmed_C02,C02,Cardiovascular system,,
atc_codes,lmed_C02A,C02A,Cardiovascular system,,
atc_codes,lmed_C02AC02,C02AC02,Cardiovascular system,,
atc_codes,lmed_C02C,C02C,Cardiovascular system,,
atc_codes,lmed_C02D,C02D,Cardiovascular system,,
atc_codes,lmed_C02K,C02K,Cardiovascular system,,
atc_codes,lmed_C03,C03,Cardiovascular system,,
atc_codes,lmed_C03A,C03A,Cardiovascular system,,
atc_codes,lmed_C03B,C03B,Cardiovascular system,,
atc_codes,lmed_C03C,C03C,Cardiovascular system,,
atc_codes,lmed_C03D,C03D,Cardiovascular system,,
atc_codes,lmed_C03E,C03E,Cardiovascular system,,
atc_codes,lmed_C03X,C03X,Cardiovascular system,,
atc_codes,lmed_C04,C04,Cardiovascular system,,
atc_codes,lmed_C04A,C04A,Cardiovascular system,,
atc_codes,lmed_C05,C05,Cardiovascular system,,
atc_codes,lmed_C05A,C05A,Cardiovascular system,,
atc_codes,lmed_C05B,C05B,Cardiovascular system,,
atc_codes,lmed_C05C,C05C,Cardiovascular system,,
atc_codes,lmed_C07,C07,Cardiovascular system,,
atc_codes,lmed_C07A,C07A,Cardiovascular system,,
atc_codes,lmed_C07AB02,C07AB02,Cardiovascular system,,
atc_codes,lmed_C07F,C07F,Cardiovascular system,,
atc_codes,lmed_C08,C08,Cardiovascular system,,
atc_codes,lmed_C08CA,C08CA,Cardiovascular system,,
atc_codes,lmed_C08D,C08D,Cardiovascular system,,
atc_codes,lmed_C09,C09,Cardiovascular system,,
atc_codes,lmed_C09A,C09A,Cardiovascular system,,
atc_codes,lmed_C09B,C09B,Cardiovascular system,,
atc_codes,lmed_C09C,C09C,Cardiovascular system,,
atc_codes,lmed_C09D,C09D,Cardiovascular system,,
atc_codes,lmed_C09X,C09X,Cardiovascular system,,
atc_codes,lmed_C10,C10,Cardiovascular system,,
atc_codes,lmed_C10A,C10A,Cardiovascular system,,
atc_codes,lmed_C10B,C10B,Cardiovascular system,,
atc_codes,lmed_D01,D01,Dermatologicals,,
atc_codes,lmed_D01A,D01A,Dermatologicals,,
atc_codes,lmed_D01B,D01B,Dermatologicals,,
atc_codes,lmed_D02,D02,Dermatologicals,,
atc_codes,lmed_D02A,D02A,Dermatologicals,,
atc_codes,lmed_D03,D03,Dermatologicals,,
atc_codes,lmed_D03A,D03A,Dermatologicals,,
atc_codes,lmed_D04,D04,Dermatologicals,,
atc_codes,lmed_D04A,D04A,Dermatologicals,,
atc_codes,lmed_D05,D05,Dermatologicals,,
atc_codes,lmed_D05A,D05A,Dermatologicals,,
atc_codes,lmed_D05B,D05B,Dermatologicals,,
atc_codes,lmed_D06,D06,Dermatologicals,,
atc_codes,lmed_D06A,D06A,Dermatologicals,,
atc_codes,lmed_D06B,D06B,Dermatologicals,,
atc_codes,lmed_D07,D07,Dermatologicals,,
atc_codes,lmed_D07A,D07A,Dermatologicals,,
atc_codes,lmed_D07B,D07B,Dermatologicals,,
atc_codes,lmed_D07C,D07C,Dermatologicals,,
atc_codes,lmed_D07X,D07X,Dermatologicals,,
atc_codes,lmed_D08,D08,Dermatologicals,,
atc_codes,lmed_D08A,D08A,Dermatologicals,,
atc_codes,lmed_D09A,D09A,Dermatologicals,,
atc_codes,lmed_D10,D10,Dermatologicals,,
atc_codes,lmed_D10A,D10A,Dermatologicals,,
atc_codes,lmed_D10B,D10B,Dermatologicals,,
atc_codes,lmed_D11,D11,Dermatologicals,,
atc_codes,lmed_D11A,D11A,Dermatologicals,,
atc_codes,lmed_G01,G01,Genito-urinary system and sex hormones,,
atc_codes,lmed_G01A,G01A,Genito-urinary system and sex hormones,,
atc_codes,lmed_G02,G02,Genito-urinary system and sex hormones,,
atc_codes,lmed_G02A,G02A,Genito-urinary system and sex hormones,,
atc_codes,lmed_G02B,G02B,Genito-urinary system and sex hormones,,
atc_codes,lmed_G02C,G02C,Genito-urinary system and sex hormones,,
atc_codes,lmed_G03,G03,Genito-urinary system and sex hormones,,
atc_codes,lmed_G03A,G03A,Genito-urinary system and sex hormones,,
atc_codes,lmed_G03B,G03B,Genito-urinary system and sex hormones,,
atc_codes,lmed_G03C,G03C,Genito-urinary system and sex hormones,,
atc_codes,lmed_G03D,G03D,Genito-urinary system and sex hormones,,
atc_codes,lmed_G03F,G03F,Genito-urinary system and sex hormones,,
atc_codes,lmed_G03G,G03G,Genito-urinary system and sex hormones,,
atc_codes,lmed_G03H,G03H,Genito-urinary system and sex hormones,,
atc_codes,lmed_G03X,G03X,Genito-urinary system and sex hormones,,
atc_codes,lmed_G04,G04,Genito-urinary system and sex hormones,,
atc_codes,lmed_G04B,G04B,Genito-urinary system and sex hormones,,
atc_codes,lmed_G04C,G04C,Genito-urinary system and sex hormones,,
atc_codes,lmed_H01,H01,"Systemic hormonal preparations, excl. sex hormones and insulins",,
atc_codes,lmed_H01A,H01A,"Systemic hormonal preparations, excl. sex hormones and insulins",,
atc_codes,lmed_H01B,H01B,"Systemic hormonal preparations, excl. sex hormones and insulins",,
atc_codes,lmed_H01C,H01C,"Systemic hormonal preparations, excl. sex hormones and insulins",,
atc_codes,lmed_H02,H02,"Systemic hormonal preparations, excl. sex hormones and insulins",,
atc_codes,lmed_H02A,H02A,"Systemic hormonal preparations, excl. sex hormones and insulins",,
atc_codes,lmed_H02C,H02C,"Systemic hormonal preparations, excl. sex hormones and insulins",,
atc_codes,lmed_H03,H03,"Systemic hormonal preparations, excl. sex hormones and insulins",,
atc_codes,lmed_H03A,H03A,"Systemic hormonal preparations, excl. sex hormones and insulins",,
atc_codes,lmed_H03B,H03B,"Systemic hormonal preparations, excl. sex hormones and insulins",,
atc_codes,lmed_H04A,H04A,"Systemic hormonal preparations, excl. sex hormones and insulins",,
atc_codes,lmed_H05,H05,"Systemic hormonal preparations, excl. sex hormones and insulins",,
atc_codes,lmed_H05A,H05A,"Systemic hormonal preparations, excl. sex hormones and insulins",,
atc_codes,lmed_H05B,H05B,"Systemic hormonal preparations, excl. sex hormones and insulins",,
atc_codes,lmed_J01,J01,Antiinfectives for systemic use,,
atc_codes,lmed_J01A,J01A,Antiinfectives for systemic use,,
atc_codes,lmed_J01C,J01C,Antiinfectives for systemic use,,
atc_codes,lmed_J01D,J01D,Antiinfectives for systemic use,,
atc_codes,lmed_J01E,J01E,Antiinfectives for systemic use,,
atc_codes,lmed_J01F,J01F,Antiinfectives for systemic use,,
atc_codes,lmed_J01G,J01G,Antiinfectives for systemic use,,
atc_codes,lmed_J01M,J01M,Antiinfectives for systemic use,,
atc_codes,lmed_J01X,J01X,Antiinfectives for systemic use,,
atc_codes,lmed_J02A,J02A,Antiinfectives for systemic use,,
atc_codes,lmed_J04,J04,Antiinfectives for systemic use,,
atc_codes,lmed_J04A,J04A,Antiinfectives for systemic use,,
atc_codes,lmed_J04B,J04B,Antiinfectives for systemic use,,
atc_codes,lmed_J05,J05,Antiinfectives for systemic use,,
atc_codes,lmed_J05A,J05A,Antiinfectives for systemic use,,
atc_codes,lmed_J06,J06,Antiinfectives for systemic use,,
atc_codes,lmed_J06B,J06B,Antiinfectives for systemic use,,
atc_codes,lmed_J07,J07,Antiinfectives for systemic use,,
atc_codes,lmed_J07A,J07A,Antiinfectives for systemic use,,
atc_codes,lmed_J07B,J07B,Antiinfectives for systemic use,,
atc_codes,lmed_J07C,J07C,Antiinfectives for systemic use,,
atc_codes,lmed_L,L,Antineoplastic and immunomodulating agents,,
atc_codes,lmed_L01,L01,Antineoplastic and immunomodulating agents,,
atc_codes,lmed_L01A,L01A,Antineoplastic and immunomodulating agents,,
atc_codes,lmed_L01B,L01B,Antineoplastic and immunomodulating agents,,
atc_codes,lmed_L01C,L01C,Antineoplastic and immunomodulating agents,,
atc_codes,lmed_L01D,L01D,Antineoplastic and immunomodulating agents,,
atc_codes,lmed_L01E,L01E,Antineoplastic and immunomodulating agents,,
atc_codes,lmed_L01F,L01F,Antineoplastic and immunomodulating agents,,
atc_codes,lmed_L01X,L01X,Antineoplastic and immunomodulating agents,,
atc_codes,lmed_L02,L02,Antineoplastic and immunomodulating agents,,
atc_codes,lmed_L02A,L02A,Antineoplastic and immunomodulating agents,,
atc_codes,lmed_L02B,L02B,Antineoplastic and immunomodulating agents,,
atc_codes,lmed_L03,L03,Antineoplastic and immunomodulating agents,,
atc_codes,lmed_L03A,L03A,Antineoplastic and immunomodulating agents,,
atc_codes,lmed_L04,L04,Antineoplastic and immunomodulating agents,,
atc_codes,lmed_L04A,L04A,Antineoplastic and immunomodulating agents,,
atc_codes,lmed_M01,M01,Musculo-skeletal system,,
atc_codes,lmed_M01A,M01A,Musculo-skeletal system,,
atc_codes,lmed_M01C,M01C,Musculo-skeletal system,,
atc_codes,lmed_M02,M02,Musculo-skeletal system,,
atc_codes,lmed_M02A,M02A,Musculo-skeletal system,,
atc_codes,lmed_M03,M03,Musculo-skeletal system,,
atc_codes,lmed_M03A,M03A,Musculo-skeletal system,,
atc_codes,lmed_M03B,M03B,Musculo-skeletal system,,
atc_codes,lmed_M03C,M03C,Musculo-skeletal system,,
atc_codes,lmed_M04,M04,Musculo-skeletal system,,
atc_codes,lmed_M04A,M04A,Musculo-skeletal system,,
atc_codes,lmed_M05,M05,Musculo-skeletal system,,
atc_codes,lmed_M05B,M05B,Musculo-skeletal system,,
atc_codes,lmed_M09,M09,Musculo-skeletal system,,
atc_codes,lmed_M09A,M09A,Musculo-skeletal system,,
atc_codes,lmed_N01,N01,Nervous system,,
atc_codes,lmed_N01A,N01A,Nervous system,,
atc_codes,lmed_N01B,N01B,Nervous system,,
atc_codes,lmed_N02,N02,Nervous system,,
atc_codes,lmed_N02A,N02A,Nervous system,,
atc_codes,lmed_N02B,N02B,Nervous system,,
atc_codes,lmed_N02BA,N02BA,Nervous system,,
atc_codes,lmed_N02C,N02C,Nervous system,,
atc_codes,lmed_N03,N03,Nervous system,,
atc_codes,lmed_N03A,N03A,Nervous system,,
atc_codes,lmed_N04,N04,Nervous system,,
atc_codes,lmed_N04A,N04A,Nervous system,,
atc_codes,lmed_N04B,N04B,Nervous system,,
atc_codes,lmed_N05,N05,Nervous system,,
atc_codes,lmed_N05A,N05A,Nervous system,,
atc_codes,lmed_N05AN,N05AN,Nervous system,,
atc_codes,lmed_N05B,N05B,Nervous system,,
atc_codes,lmed_N05C,N05C,Nervous system,,
atc_codes,lmed_N06,N06,Nervous system,,
atc_codes,lmed_N06A,N06A,Nervous system,,
atc_codes,lmed_N06B,N06B,Nervous system,,
atc_codes,lmed_N06D,N06D,Nervous system,,
atc_codes,lmed_N07,N07,Nervous system,,
atc_codes,lmed_N07A,N07A,Nervous system,,
atc_codes,lmed_N07B,N07B,Nervous system,,
atc_codes,lmed_N07BB,N07BB,Nervous system,,
atc_codes,lmed_N07BC,N07BC,Nervous system,,
atc_codes,lmed_N07C,N07C,Nervous system,,
atc_codes,lmed_N07X,N07X,Nervous system,,
atc_codes,lmed_P01,P01,"Antiparasitic products, insecticides and repellents",,
atc_codes,lmed_P01A,P01A,"Antiparasitic products, insecticides and repellents",,
atc_codes,lmed_P01B,P01B,"Antiparasitic products, insecticides and repellents",,
atc_codes,lmed_P01C,P01C,"Antiparasitic products, insecticides and repellents",,
atc_codes,lmed_P02,P02,"Antiparasitic products, insecticides and repellents",,
atc_codes,lmed_P02B,P02B,"Antiparasitic products, insecticides and repellents",,
atc_codes,lmed_P02C,P02C,"Antiparasitic products, insecticides and repellents",,
atc_codes,lmed_P02D,P02D,"Antiparasitic products, insecticides and repellents",,
atc_codes,lmed_P03A,P03A,"Antiparasitic products, insecticides and repellents",,
atc_codes,lmed_R01,R01,Respiratory system,,
atc_codes,lmed_R01A,R01A,Respiratory system,,
atc_codes,lmed_R01B,R01B,Respiratory system,,
atc_codes,lmed_R02,R02,Respiratory system,,
atc_codes,lmed_R02A,R02A,Respiratory system,,
atc_codes,lmed_R03,R03,Respiratory system,,
atc_codes,lmed_R03A,R03A,Respiratory system,,
atc_codes,lmed_R03AC12,R03AC12,Respiratory system,,
atc_codes,lmed_R03AC13,R03AC13,Respiratory system,,
atc_codes,lmed_R03AC18,R03AC18,Respiratory system,,
atc_codes,lmed_R03AC19,R03AC19,Respiratory system,,
atc_codes,lmed_R03AK,R03AK,Respiratory system,,
atc_codes,lmed_R03AL,R03AL,Respiratory system,,
atc_codes,lmed_R03B,R03B,Respiratory system,,
atc_codes,lmed_R03BA,R03BA,Respiratory system,,
atc_codes,lmed_R03BB04,R03BB04,Respiratory system,,
atc_codes,lmed_R03BB05,R03BB05,Respiratory system,,
atc_codes,lmed_R03BB06,R03BB06,Respiratory system,,
atc_codes,lmed_R03BB07,R03BB07,Respiratory system,,
atc_codes,lmed_R03C,R03C,Respiratory system,,
atc_codes,lmed_R03CC12,R03CC12,Respiratory system,,
atc_codes,lmed_R03D,R03D,Respiratory system,,
atc_codes,lmed_R05,R05,Respiratory system,,
atc_codes,lmed_R05C,R05C,Respiratory system,,
atc_codes,lmed_R05D,R05D,Respiratory system,,
atc_codes,lmed_R05F,R05F,Respiratory system,,
atc_codes,lmed_R05X,R05X,Respiratory system,,
atc_codes,lmed_R06,R06,Respiratory system,,
atc_codes,lmed_R06A,R06A,Respiratory system,,
atc_codes,lmed_R07,R07,Respiratory system,,
atc_codes,lmed_R07A,R07A,Respiratory system,,
atc_codes,lmed_S01,S01,Sensory organs,,
atc_codes,lmed_S01A,S01A,Sensory organs,,
atc_codes,lmed_S01B,S01B,Sensory organs,,
atc_codes,lmed_S01C,S01C,Sensory organs,,
atc_codes,lmed_S01E,S01E,Sensory organs,,
atc_codes,lmed_S01F,S01F,Sensory organs,,
atc_codes,lmed_S01G,S01G,Sensory organs,,
atc_codes,lmed_S01H,S01H,Sensory organs,,
atc_codes,lmed_S01J,S01J,Sensory organs,,
atc_codes,lmed_S01L,S01L,Sensory organs,,
atc_codes,lmed_S01X,S01X,Sensory organs,,
atc_codes,lmed_S02,S02,Sensory organs,,
atc_codes,lmed_S02A,S02A,Sensory organs,,
atc_codes,lmed_S02B,S02B,Sensory organs,,
atc_codes,lmed_S02C,S02C,Sensory organs,,
atc_codes,lmed_S03,S03,Sensory organs,,
atc_codes,lmed_S03C,S03C,Sensory organs,,
atc_codes,lmed_V01A,V01A,Various,,
atc_codes,lmed_V03,V03,Various,,
atc_codes,lmed_V03A,V03A,Various,,
atc_codes,lmed_V04,V04,Various,,
atc_codes,lmed_V04C,V04C,Various,,
atc_codes,lmed_V06,V06,Various,,
atc_codes,lmed_V06D,V06D,Various,,
atc_codes,lmed_V07,V07,Various,,
atc_codes,lmed_V07A,V07A,Various,,
atc_codes,lmed_V08,V08,Various,,
atc_codes,lmed_V08A,V08A,Various,,
atc_codes,lmed_V10X,V10X,Various,,
ov_codes,ov_'Z718,'Z718,,,"NON-STANDARD FORMAT: does not match ICD-10 letter+digit pattern -- needs manual review, not auto-classified"
ov_codes,ov_-EJ,-EJ,,,"NON-STANDARD FORMAT: does not match ICD-10 letter+digit pattern -- needs manual review, not auto-classified"
ov_codes,ov_0,0,,,"NON-STANDARD FORMAT: does not match ICD-10 letter+digit pattern -- needs manual review, not auto-classified"
ov_codes,ov_000A,000A,,,"NON-STANDARD FORMAT: does not match ICD-10 letter+digit pattern -- needs manual review, not auto-classified"
ov_codes,ov_069,069,,,"NON-STANDARD FORMAT: does not match ICD-10 letter+digit pattern -- needs manual review, not auto-classified"
ov_codes,ov_0757,0757,,,"NON-STANDARD FORMAT: does not match ICD-10 letter+digit pattern -- needs manual review, not auto-classified"
ov_codes,ov_077,077,,,"NON-STANDARD FORMAT: does not match ICD-10 letter+digit pattern -- needs manual review, not auto-classified"
ov_codes,ov_099,099,,,"NON-STANDARD FORMAT: does not match ICD-10 letter+digit pattern -- needs manual review, not auto-classified"
ov_codes,ov_0O21,0O21,,,"NON-STANDARD FORMAT: does not match ICD-10 letter+digit pattern -- needs manual review, not auto-classified"
ov_codes,ov_10,10,,,"NON-STANDARD FORMAT: does not match ICD-10 letter+digit pattern -- needs manual review, not auto-classified"
ov_codes,ov_11,11,,,"NON-STANDARD FORMAT: does not match ICD-10 letter+digit pattern -- needs manual review, not auto-classified"
ov_codes,ov_1112,1112,,,"NON-STANDARD FORMAT: does not match ICD-10 letter+digit pattern -- needs manual review, not auto-classified"
ov_codes,ov_136,136,,,"NON-STANDARD FORMAT: does not match ICD-10 letter+digit pattern -- needs manual review, not auto-classified"
ov_codes,ov_1502,1502,,,"NON-STANDARD FORMAT: does not match ICD-10 letter+digit pattern -- needs manual review, not auto-classified"
ov_codes,ov_161,161,,,"NON-STANDARD FORMAT: does not match ICD-10 letter+digit pattern -- needs manual review, not auto-classified"
ov_codes,ov_1720,1720,,,"NON-STANDARD FORMAT: does not match ICD-10 letter+digit pattern -- needs manual review, not auto-classified"
ov_codes,ov_1781B,1781B,,,"NON-STANDARD FORMAT: does not match ICD-10 letter+digit pattern -- needs manual review, not auto-classified"
ov_codes,ov_2233A,2233A,,,"NON-STANDARD FORMAT: does not match ICD-10 letter+digit pattern -- needs manual review, not auto-classified"
ov_codes,ov_272E,272E,,,"NON-STANDARD FORMAT: does not match ICD-10 letter+digit pattern -- needs manual review, not auto-classified"
ov_codes,ov_2918B,2918B,,,"NON-STANDARD FORMAT: does not match ICD-10 letter+digit pattern -- needs manual review, not auto-classified"
ov_codes,ov_29212G,29212G,,,"NON-STANDARD FORMAT: does not match ICD-10 letter+digit pattern -- needs manual review, not auto-classified"
ov_codes,ov_29289A1,29289A1,,,"NON-STANDARD FORMAT: does not match ICD-10 letter+digit pattern -- needs manual review, not auto-classified"
ov_codes,ov_29289A7,29289A7,,,"NON-STANDARD FORMAT: does not match ICD-10 letter+digit pattern -- needs manual review, not auto-classified"
ov_codes,ov_29383A,29383A,,,"NON-STANDARD FORMAT: does not match ICD-10 letter+digit pattern -- needs manual review, not auto-classified"
ov_codes,ov_29389A,29389A,,,"NON-STANDARD FORMAT: does not match ICD-10 letter+digit pattern -- needs manual review, not auto-classified"
ov_codes,ov_295D,295D,,,"NON-STANDARD FORMAT: does not match ICD-10 letter+digit pattern -- needs manual review, not auto-classified"
ov_codes,ov_29640A,29640A,,,"NON-STANDARD FORMAT: does not match ICD-10 letter+digit pattern -- needs manual review, not auto-classified"
ov_codes,ov_297X,297X,,,"NON-STANDARD FORMAT: does not match ICD-10 letter+digit pattern -- needs manual review, not auto-classified"
ov_codes,ov_2988A,2988A,,,"NON-STANDARD FORMAT: does not match ICD-10 letter+digit pattern -- needs manual review, not auto-classified"
ov_codes,ov_30,30,,,"NON-STANDARD FORMAT: does not match ICD-10 letter+digit pattern -- needs manual review, not auto-classified"
ov_codes,ov_30019B,30019B,,,"NON-STANDARD FORMAT: does not match ICD-10 letter+digit pattern -- needs manual review, not auto-classified"
ov_codes,ov_3007A,3007A,,,"NON-STANDARD FORMAT: does not match ICD-10 letter+digit pattern -- needs manual review, not auto-classified"
ov_codes,ov_3026A,3026A,,,"NON-STANDARD FORMAT: does not match ICD-10 letter+digit pattern -- needs manual review, not auto-classified"
ov_codes,ov_394A,394A,,,"NON-STANDARD FORMAT: does not match ICD-10 letter+digit pattern -- needs manual review, not auto-classified"
ov_codes,ov_400A,400A,,,"NON-STANDARD FORMAT: does not match ICD-10 letter+digit pattern -- needs manual review, not auto-classified"
ov_codes,ov_401B,401B,,,"NON-STANDARD FORMAT: does not match ICD-10 letter+digit pattern -- needs manual review, not auto-classified"
ov_codes,ov_408,408,,,"NON-STANDARD FORMAT: does not match ICD-10 letter+digit pattern -- needs manual review, not auto-classified"
ov_codes,ov_41,41,,,"NON-STANDARD FORMAT: does not match ICD-10 letter+digit pattern -- needs manual review, not auto-classified"
ov_codes,ov_413X,413X,,,"NON-STANDARD FORMAT: does not match ICD-10 letter+digit pattern -- needs manual review, not auto-classified"
ov_codes,ov_427A,427A,,,"NON-STANDARD FORMAT: does not match ICD-10 letter+digit pattern -- needs manual review, not auto-classified"
ov_codes,ov_4400A,4400A,,,"NON-STANDARD FORMAT: does not match ICD-10 letter+digit pattern -- needs manual review, not auto-classified"
ov_codes,ov_45,45,,,"NON-STANDARD FORMAT: does not match ICD-10 letter+digit pattern -- needs manual review, not auto-classified"
ov_codes,ov_501,501,,,"NON-STANDARD FORMAT: does not match ICD-10 letter+digit pattern -- needs manual review, not auto-classified"
ov_codes,ov_61,61,,,"NON-STANDARD FORMAT: does not match ICD-10 letter+digit pattern -- needs manual review, not auto-classified"
ov_codes,ov_610C,610C,,,"NON-STANDARD FORMAT: does not match ICD-10 letter+digit pattern -- needs manual review, not auto-classified"
ov_codes,ov_612,612,,,"NON-STANDARD FORMAT: does not match ICD-10 letter+digit pattern -- needs manual review, not auto-classified"
ov_codes,ov_619,619,,,"NON-STANDARD FORMAT: does not match ICD-10 letter+digit pattern -- needs manual review, not auto-classified"
ov_codes,ov_65,65,,,"NON-STANDARD FORMAT: does not match ICD-10 letter+digit pattern -- needs manual review, not auto-classified"
ov_codes,ov_69,69,,,"NON-STANDARD FORMAT: does not match ICD-10 letter+digit pattern -- needs manual review, not auto-classified"
ov_codes,ov_70,70,,,"NON-STANDARD FORMAT: does not match ICD-10 letter+digit pattern -- needs manual review, not auto-classified"
ov_codes,ov_70909,70909,,,"NON-STANDARD FORMAT: does not match ICD-10 letter+digit pattern -- needs manual review, not auto-classified"
ov_codes,"ov_72,2","72,2",,,"NON-STANDARD FORMAT: does not match ICD-10 letter+digit pattern -- needs manual review, not auto-classified"
ov_codes,ov_768W,768W,,,"NON-STANDARD FORMAT: does not match ICD-10 letter+digit pattern -- needs manual review, not auto-classified"
ov_codes,ov_806C,806C,,,"NON-STANDARD FORMAT: does not match ICD-10 letter+digit pattern -- needs manual review, not auto-classified"
ov_codes,ov_9,9,,,"NON-STANDARD FORMAT: does not match ICD-10 letter+digit pattern -- needs manual review, not auto-classified"
ov_codes,ov_?,?,,,PLACEHOLDER: unknown/unspecified diagnosis code in source register
ov_codes,ov_??,??,,,PLACEHOLDER: unknown/unspecified diagnosis code in source register
ov_codes,ov_???,???,,,PLACEHOLDER: unknown/unspecified diagnosis code in source register
ov_codes,ov_????,????,,,PLACEHOLDER: unknown/unspecified diagnosis code in source register
ov_codes,ov_A00-A09,A00-A09,Certain infectious and parasitic diseases,,
ov_codes,ov_A15-A19,A15-A19,Certain infectious and parasitic diseases,,
ov_codes,ov_A20-A28,A20-A28,Certain infectious and parasitic diseases,,
ov_codes,ov_A30-A49,A30-A49,Certain infectious and parasitic diseases,,
ov_codes,ov_A50-A64,A50-A64,Certain infectious and parasitic diseases,,
ov_codes,ov_A65-A69,A65-A69,Certain infectious and parasitic diseases,,
ov_codes,ov_A70-A74,A70-A74,Certain infectious and parasitic diseases,,
ov_codes,ov_A75-A79,A75-A79,Certain infectious and parasitic diseases,,
ov_codes,ov_A80-A89,A80-A89,Certain infectious and parasitic diseases,,
ov_codes,ov_A909,A909,Certain infectious and parasitic diseases,,
ov_codes,ov_A919,A919,Certain infectious and parasitic diseases,,
ov_codes,ov_A92-A99,A92-A99,Certain infectious and parasitic diseases,,
ov_codes,ov_ALO17,ALO17,,,"NON-STANDARD FORMAT: does not match ICD-10 letter+digit pattern -- needs manual review, not auto-classified"
ov_codes,ov_AUT,AUT,,,"NON-STANDARD FORMAT: does not match ICD-10 letter+digit pattern -- needs manual review, not auto-classified"
ov_codes,ov_AUT+U,AUT+U,,,"NON-STANDARD FORMAT: does not match ICD-10 letter+digit pattern -- needs manual review, not auto-classified"
ov_codes,ov_B00-B09,B00-B09,Certain infectious and parasitic diseases,,
ov_codes,ov_B03A,B03A,Certain infectious and parasitic diseases,,
ov_codes,ov_B03AC,B03AC,Certain infectious and parasitic diseases,,
ov_codes,ov_B15-B19,B15-B19,Certain infectious and parasitic diseases,,
ov_codes,ov_B20-B24,B20-B24,Certain infectious and parasitic diseases,,
ov_codes,ov_B25-B34,B25-B34,Certain infectious and parasitic diseases,,
ov_codes,ov_B342,B342,Certain infectious and parasitic diseases,,
ov_codes,ov_B35-B49,B35-B49,Certain infectious and parasitic diseases,,
ov_codes,ov_B49P,B49P,Certain infectious and parasitic diseases,,
ov_codes,ov_B50-B64,B50-B64,Certain infectious and parasitic diseases,,
ov_codes,ov_B65-B83,B65-B83,Certain infectious and parasitic diseases,,
ov_codes,ov_B85-B89,B85-B89,Certain infectious and parasitic diseases,,
ov_codes,ov_B90-B94,B90-B94,Certain infectious and parasitic diseases,,
ov_codes,ov_B95-B98,B95-B98,Certain infectious and parasitic diseases,,
ov_codes,ov_B99-B99,B99-B99,Certain infectious and parasitic diseases,,
ov_codes,ov_BLIND,BLIND,,,"NON-STANDARD FORMAT: does not match ICD-10 letter+digit pattern -- needs manual review, not auto-classified"
ov_codes,ov_BPH,BPH,,,"NON-STANDARD FORMAT: does not match ICD-10 letter+digit pattern -- needs manual review, not auto-classified"
ov_codes,ov_C00,C00,Neoplasms,,
ov_codes,ov_C01,C01,Neoplasms,,
ov_codes,ov_C02,C02,Neoplasms,,
ov_codes,ov_C03,C03,Neoplasms,,
ov_codes,ov_C04,C04,Neoplasms,,
ov_codes,ov_C05,C05,Neoplasms,,
ov_codes,ov_C06,C06,Neoplasms,,
ov_codes,ov_C07,C07,Neoplasms,,
ov_codes,ov_C07A,C07A,Neoplasms,,
ov_codes,ov_C08,C08,Neoplasms,,
ov_codes,ov_C09,C09,Neoplasms,,
ov_codes,ov_C09A,C09A,Neoplasms,,
ov_codes,ov_C09DA,C09DA,Neoplasms,,
ov_codes,ov_C10,C10,Neoplasms,,
ov_codes,ov_C11,C11,Neoplasms,,
ov_codes,ov_C12,C12,Neoplasms,,
ov_codes,ov_C13,C13,Neoplasms,,
ov_codes,ov_C14,C14,Neoplasms,,
ov_codes,ov_C15,C15,Neoplasms,,
ov_codes,ov_C16,C16,Neoplasms,,
ov_codes,ov_C17,C17,Neoplasms,,
ov_codes,ov_C18,C18,Neoplasms,,
ov_codes,ov_C19,C19,Neoplasms,,
ov_codes,ov_C20,C20,Neoplasms,,
ov_codes,ov_C21,C21,Neoplasms,,
ov_codes,ov_C22,C22,Neoplasms,,
ov_codes,ov_C23,C23,Neoplasms,,
ov_codes,ov_C24,C24,Neoplasms,,
ov_codes,ov_C25,C25,Neoplasms,,
ov_codes,ov_C26,C26,Neoplasms,,
ov_codes,ov_C30,C30,Neoplasms,,
ov_codes,ov_C31,C31,Neoplasms,,
ov_codes,ov_C32,C32,Neoplasms,,
ov_codes,ov_C33,C33,Neoplasms,,
ov_codes,ov_C34,C34,Neoplasms,,
ov_codes,ov_C37,C37,Neoplasms,,
ov_codes,ov_C38,C38,Neoplasms,,
ov_codes,ov_C39,C39,Neoplasms,,
ov_codes,ov_C40,C40,Neoplasms,,
ov_codes,ov_C41,C41,Neoplasms,,
ov_codes,ov_C43,C43,Neoplasms,,
ov_codes,ov_C44,C44,Neoplasms,,
ov_codes,ov_C45,C45,Neoplasms,,
ov_codes,ov_C46,C46,Neoplasms,,
ov_codes,ov_C47,C47,Neoplasms,,
ov_codes,ov_C48,C48,Neoplasms,,
ov_codes,ov_C49,C49,Neoplasms,,
ov_codes,ov_C50,C50,Neoplasms,,
ov_codes,ov_C51,C51,Neoplasms,,
ov_codes,ov_C52,C52,Neoplasms,,
ov_codes,ov_C53,C53,Neoplasms,,
ov_codes,ov_C54,C54,Neoplasms,,
ov_codes,ov_C55,C55,Neoplasms,,
ov_codes,ov_C56,C56,Neoplasms,,
ov_codes,ov_C57,C57,Neoplasms,,
ov_codes,ov_C58,C58,Neoplasms,,
ov_codes,ov_C60,C60,Neoplasms,,
ov_codes,ov_C61,C61,Neoplasms,,
ov_codes,ov_C62,C62,Neoplasms,,
ov_codes,ov_C63,C63,Neoplasms,,
ov_codes,ov_C64,C64,Neoplasms,,
ov_codes,ov_C65,C65,Neoplasms,,
ov_codes,ov_C66,C66,Neoplasms,,
ov_codes,ov_C67,C67,Neoplasms,,
ov_codes,ov_C68,C68,Neoplasms,,
ov_codes,ov_C69,C69,Neoplasms,,
ov_codes,ov_C70,C70,Neoplasms,,
ov_codes,ov_C71,C71,Neoplasms,,
ov_codes,ov_C72,C72,Neoplasms,,
ov_codes,ov_C73,C73,Neoplasms,,
ov_codes,ov_C74,C74,Neoplasms,,
ov_codes,ov_C75,C75,Neoplasms,,
ov_codes,ov_C76,C76,Neoplasms,,
ov_codes,ov_C77,C77,Neoplasms,,
ov_codes,ov_C78,C78,Neoplasms,,
ov_codes,ov_C79,C79,Neoplasms,,
ov_codes,ov_C80,C80,Neoplasms,,
ov_codes,ov_C81,C81,Neoplasms,,
ov_codes,ov_C82,C82,Neoplasms,,
ov_codes,ov_C83,C83,Neoplasms,,
ov_codes,ov_C84,C84,Neoplasms,,
ov_codes,ov_C85,C85,Neoplasms,,
ov_codes,ov_C86,C86,Neoplasms,,
ov_codes,ov_C88,C88,Neoplasms,,
ov_codes,ov_C90,C90,Neoplasms,,
ov_codes,ov_C91,C91,Neoplasms,,
ov_codes,ov_C92,C92,Neoplasms,,
ov_codes,ov_C93,C93,Neoplasms,,
ov_codes,ov_C94,C94,Neoplasms,,
ov_codes,ov_C95,C95,Neoplasms,,
ov_codes,ov_C96,C96,Neoplasms,,
ov_codes,ov_C97,C97,Neoplasms,,
ov_codes,ov_CC4,CC4,,,"NON-STANDARD FORMAT: does not match ICD-10 letter+digit pattern -- needs manual review, not auto-classified"
ov_codes,ov_D00,D00,Neoplasms,,
ov_codes,ov_D01,D01,Neoplasms,,
ov_codes,ov_D02,D02,Neoplasms,,
ov_codes,ov_D03,D03,Neoplasms,,
ov_codes,ov_D04,D04,Neoplasms,,
ov_codes,ov_D05,D05,Neoplasms,,
ov_codes,ov_D06,D06,Neoplasms,,
ov_codes,ov_D07,D07,Neoplasms,,
ov_codes,ov_D09,D09,Neoplasms,,
ov_codes,ov_D10,D10,Neoplasms,,
ov_codes,ov_D11,D11,Neoplasms,,
ov_codes,ov_D12,D12,Neoplasms,,
ov_codes,ov_D13,D13,Neoplasms,,
ov_codes,ov_D14,D14,Neoplasms,,
ov_codes,ov_D15,D15,Neoplasms,,
ov_codes,ov_D16,D16,Neoplasms,,
ov_codes,ov_D17,D17,Neoplasms,,
ov_codes,ov_D18,D18,Neoplasms,,
ov_codes,ov_D19,D19,Neoplasms,,
ov_codes,ov_D20,D20,Neoplasms,,
ov_codes,ov_D21,D21,Neoplasms,,
ov_codes,ov_D22,D22,Neoplasms,,
ov_codes,ov_D23,D23,Neoplasms,,
ov_codes,ov_D24,D24,Neoplasms,,
ov_codes,ov_D25,D25,Neoplasms,,
ov_codes,ov_D26,D26,Neoplasms,,
ov_codes,ov_D27,D27,Neoplasms,,
ov_codes,ov_D28,D28,Neoplasms,,
ov_codes,ov_D29,D29,Neoplasms,,
ov_codes,ov_D30,D30,Neoplasms,,
ov_codes,ov_D31,D31,Neoplasms,,
ov_codes,ov_D32,D32,Neoplasms,,
ov_codes,ov_D33,D33,Neoplasms,,
ov_codes,ov_D34,D34,Neoplasms,,
ov_codes,ov_D35,D35,Neoplasms,,
ov_codes,ov_D36,D36,Neoplasms,,
ov_codes,ov_D37,D37,Neoplasms,,
ov_codes,ov_D38,D38,Neoplasms,,
ov_codes,ov_D39,D39,Neoplasms,,
ov_codes,ov_D40,D40,Neoplasms,,
ov_codes,ov_D41,D41,Neoplasms,,
ov_codes,ov_D42,D42,Neoplasms,,
ov_codes,ov_D43,D43,Neoplasms,,
ov_codes,ov_D44,D44,Neoplasms,,
ov_codes,ov_D45,D45,Neoplasms,,
ov_codes,ov_D46,D46,Neoplasms,,
ov_codes,ov_D47,D47,Neoplasms,,
ov_codes,ov_D48,D48,Neoplasms,,
ov_codes,ov_D50,D50,Diseases of the blood/blood-forming organs and certain immune disorders,,
ov_codes,ov_D51,D51,Diseases of the blood/blood-forming organs and certain immune disorders,,
ov_codes,ov_D52,D52,Diseases of the blood/blood-forming organs and certain immune disorders,,
ov_codes,ov_D53,D53,Diseases of the blood/blood-forming organs and certain immune disorders,,
ov_codes,ov_D55,D55,Diseases of the blood/blood-forming organs and certain immune disorders,,
ov_codes,ov_D56,D56,Diseases of the blood/blood-forming organs and certain immune disorders,,
ov_codes,ov_D57,D57,Diseases of the blood/blood-forming organs and certain immune disorders,,
ov_codes,ov_D58,D58,Diseases of the blood/blood-forming organs and certain immune disorders,,
ov_codes,ov_D59,D59,Diseases of the blood/blood-forming organs and certain immune disorders,,
ov_codes,ov_D60,D60,Diseases of the blood/blood-forming organs and certain immune disorders,,
ov_codes,ov_D61,D61,Diseases of the blood/blood-forming organs and certain immune disorders,,
ov_codes,ov_D62,D62,Diseases of the blood/blood-forming organs and certain immune disorders,,
ov_codes,ov_D63,D63,Diseases of the blood/blood-forming organs and certain immune disorders,,
ov_codes,ov_D64,D64,Diseases of the blood/blood-forming organs and certain immune disorders,,
ov_codes,ov_D65,D65,Diseases of the blood/blood-forming organs and certain immune disorders,,
ov_codes,ov_D66,D66,Diseases of the blood/blood-forming organs and certain immune disorders,,
ov_codes,ov_D67,D67,Diseases of the blood/blood-forming organs and certain immune disorders,,
ov_codes,ov_D68,D68,Diseases of the blood/blood-forming organs and certain immune disorders,,
ov_codes,ov_D69,D69,Diseases of the blood/blood-forming organs and certain immune disorders,,
ov_codes,ov_D70,D70,Diseases of the blood/blood-forming organs and certain immune disorders,,
ov_codes,ov_D71,D71,Diseases of the blood/blood-forming organs and certain immune disorders,,
ov_codes,ov_D72,D72,Diseases of the blood/blood-forming organs and certain immune disorders,,
ov_codes,ov_D73,D73,Diseases of the blood/blood-forming organs and certain immune disorders,,
ov_codes,ov_D74,D74,Diseases of the blood/blood-forming organs and certain immune disorders,,
ov_codes,ov_D75,D75,Diseases of the blood/blood-forming organs and certain immune disorders,,
ov_codes,ov_D76,D76,Diseases of the blood/blood-forming organs and certain immune disorders,,
ov_codes,ov_D77,D77,Diseases of the blood/blood-forming organs and certain immune disorders,,
ov_codes,ov_D80,D80,Diseases of the blood/blood-forming organs and certain immune disorders,,
ov_codes,ov_D81,D81,Diseases of the blood/blood-forming organs and certain immune disorders,,
ov_codes,ov_D82,D82,Diseases of the blood/blood-forming organs and certain immune disorders,,
ov_codes,ov_D83,D83,Diseases of the blood/blood-forming organs and certain immune disorders,,
ov_codes,ov_D84,D84,Diseases of the blood/blood-forming organs and certain immune disorders,,
ov_codes,ov_D86,D86,Diseases of the blood/blood-forming organs and certain immune disorders,,
ov_codes,ov_D89,D89,Diseases of the blood/blood-forming organs and certain immune disorders,,
ov_codes,ov_DD2,DD2,,,"NON-STANDARD FORMAT: does not match ICD-10 letter+digit pattern -- needs manual review, not auto-classified"
ov_codes,ov_DIAEJ,DIAEJ,,,"NON-STANDARD FORMAT: does not match ICD-10 letter+digit pattern -- needs manual review, not auto-classified"
ov_codes,ov_DÏ¿½V2,DÏ¿½V2,,,"NON-STANDARD FORMAT: does not match ICD-10 letter+digit pattern -- needs manual review, not auto-classified"
ov_codes,ov_DÖV,DÖV,,,"NON-STANDARD FORMAT: does not match ICD-10 letter+digit pattern -- needs manual review, not auto-classified"
ov_codes,ov_E00-E07,E00-E07,"Endocrine, nutritional and metabolic diseases",,
ov_codes,ov_E10,E10,"Endocrine, nutritional and metabolic diseases",,
ov_codes,ov_E102,E102,"Endocrine, nutritional and metabolic diseases",,
ov_codes,ov_E102A,E102A,"Endocrine, nutritional and metabolic diseases",,
ov_codes,ov_E102B,E102B,"Endocrine, nutritional and metabolic diseases",,
ov_codes,ov_E102C,E102C,"Endocrine, nutritional and metabolic diseases",,
ov_codes,ov_E102W,E102W,"Endocrine, nutritional and metabolic diseases",,
ov_codes,ov_E102X,E102X,"Endocrine, nutritional and metabolic diseases",,
ov_codes,ov_E103,E103,"Endocrine, nutritional and metabolic diseases",,
ov_codes,ov_E103A,E103A,"Endocrine, nutritional and metabolic diseases",,
ov_codes,ov_E103B,E103B,"Endocrine, nutritional and metabolic diseases",,
ov_codes,ov_E103C,E103C,"Endocrine, nutritional and metabolic diseases",,
ov_codes,ov_E103D,E103D,"Endocrine, nutritional and metabolic diseases",,
ov_codes,ov_E103E,E103E,"Endocrine, nutritional and metabolic diseases",,
ov_codes,ov_E103F,E103F,"Endocrine, nutritional and metabolic diseases",,
ov_codes,ov_E103W,E103W,"Endocrine, nutritional and metabolic diseases",,
ov_codes,ov_E103X,E103X,"Endocrine, nutritional and metabolic diseases",,
ov_codes,ov_E105,E105,"Endocrine, nutritional and metabolic diseases",,
ov_codes,ov_E105A,E105A,"Endocrine, nutritional and metabolic diseases",,
ov_codes,ov_E105B,E105B,"Endocrine, nutritional and metabolic diseases",,
ov_codes,ov_E105W,E105W,"Endocrine, nutritional and metabolic diseases",,
ov_codes,ov_E105X,E105X,"Endocrine, nutritional and metabolic diseases",,
ov_codes,ov_E106,E106,"Endocrine, nutritional and metabolic diseases",,
ov_codes,ov_E106A,E106A,"Endocrine, nutritional and metabolic diseases",,
ov_codes,ov_E106C,E106C,"Endocrine, nutritional and metabolic diseases",,
ov_codes,ov_E106D,E106D,"Endocrine, nutritional and metabolic diseases",,
ov_codes,ov_E106E,E106E,"Endocrine, nutritional and metabolic diseases",,
ov_codes,ov_E106F,E106F,"Endocrine, nutritional and metabolic diseases",,
ov_codes,ov_E106G,E106G,"Endocrine, nutritional and metabolic diseases",,
ov_codes,ov_E106W,E106W,"Endocrine, nutritional and metabolic diseases",,
ov_codes,ov_E107,E107,"Endocrine, nutritional and metabolic diseases",,
ov_codes,ov_E108,E108,"Endocrine, nutritional and metabolic diseases",,
ov_codes,ov_E108P,E108P,"Endocrine, nutritional and metabolic diseases",,
ov_codes,ov_E11,E11,"Endocrine, nutritional and metabolic diseases",,
ov_codes,ov_E112,E112,"Endocrine, nutritional and metabolic diseases",,
ov_codes,ov_E112A,E112A,"Endocrine, nutritional and metabolic diseases",,
ov_codes,ov_E112B,E112B,"Endocrine, nutritional and metabolic diseases",,
ov_codes,ov_E112C,E112C,"Endocrine, nutritional and metabolic diseases",,
ov_codes,ov_E112W,E112W,"Endocrine, nutritional and metabolic diseases",,
ov_codes,ov_E112X,E112X,"Endocrine, nutritional and metabolic diseases",,
ov_codes,ov_E115,E115,"Endocrine, nutritional and metabolic diseases",,
ov_codes,ov_E115A,E115A,"Endocrine, nutritional and metabolic diseases",,
ov_codes,ov_E115B,E115B,"Endocrine, nutritional and metabolic diseases",,
ov_codes,ov_E115W,E115W,"Endocrine, nutritional and metabolic diseases",,
ov_codes,ov_E115X,E115X,"Endocrine, nutritional and metabolic diseases",,
ov_codes,ov_E117,E117,"Endocrine, nutritional and metabolic diseases",,
ov_codes,ov_E118,E118,"Endocrine, nutritional and metabolic diseases",,
ov_codes,ov_E118P,E118P,"Endocrine, nutritional and metabolic diseases",,
ov_codes,ov_E12,E12,"Endocrine, nutritional and metabolic diseases",,
ov_codes,ov_E13,E13,"Endocrine, nutritional and metabolic diseases",,
ov_codes,ov_E14,E14,"Endocrine, nutritional and metabolic diseases",,
ov_codes,ov_E15-E16,E15-E16,"Endocrine, nutritional and metabolic diseases",,
ov_codes,ov_E20-E35,E20-E35,"Endocrine, nutritional and metabolic diseases",,
ov_codes,ov_E244,E244,"Endocrine, nutritional and metabolic diseases",,
ov_codes,ov_E271,E271,"Endocrine, nutritional and metabolic diseases",,
ov_codes,ov_E274,E274,"Endocrine, nutritional and metabolic diseases",,
ov_codes,ov_E40-E46,E40-E46,"Endocrine, nutritional and metabolic diseases",,
ov_codes,ov_E50-E64,E50-E64,"Endocrine, nutritional and metabolic diseases",,
ov_codes,ov_E65-E68,E65-E68,"Endocrine, nutritional and metabolic diseases",,
ov_codes,ov_E66,E66,"Endocrine, nutritional and metabolic diseases",,
ov_codes,ov_E70-E90,E70-E90,"Endocrine, nutritional and metabolic diseases",,
ov_codes,ov_E840,E840,"Endocrine, nutritional and metabolic diseases",,
ov_codes,ov_E841,E841,"Endocrine, nutritional and metabolic diseases",,
ov_codes,ov_E848,E848,"Endocrine, nutritional and metabolic diseases",,
ov_codes,ov_E849,E849,"Endocrine, nutritional and metabolic diseases",,
ov_codes,ov_EJDIA,EJDIA,,,"NON-STANDARD FORMAT: does not match ICD-10 letter+digit pattern -- needs manual review, not auto-classified"
ov_codes,ov_F 3,F 3,,,"NON-STANDARD FORMAT: does not match ICD-10 letter+digit pattern -- needs manual review, not auto-classified"
ov_codes,ov_F 4,F 4,,,"NON-STANDARD FORMAT: does not match ICD-10 letter+digit pattern -- needs manual review, not auto-classified"
ov_codes,ov_F00,F00,Mental and behavioural disorders,,
ov_codes,ov_F01,F01,Mental and behavioural disorders,,
ov_codes,ov_F02,F02,Mental and behavioural disorders,,
ov_codes,ov_F03,F03,Mental and behavioural disorders,,
ov_codes,ov_F039,F039,Mental and behavioural disorders,,
ov_codes,ov_F04,F04,Mental and behavioural disorders,,
ov_codes,ov_F05,F05,Mental and behavioural disorders,,
ov_codes,ov_F06,F06,Mental and behavioural disorders,,
ov_codes,ov_F07,F07,Mental and behavioural disorders,,
ov_codes,ov_F09,F09,Mental and behavioural disorders,,
ov_codes,ov_F10,F10,Mental and behavioural disorders,,
ov_codes,ov_F107A,F107A,Mental and behavioural disorders,,
ov_codes,ov_F11,F11,Mental and behavioural disorders,,
ov_codes,ov_F12,F12,Mental and behavioural disorders,,
ov_codes,ov_F13,F13,Mental and behavioural disorders,,
ov_codes,ov_F14,F14,Mental and behavioural disorders,,
ov_codes,ov_F15,F15,Mental and behavioural disorders,,
ov_codes,ov_F16,F16,Mental and behavioural disorders,,
ov_codes,ov_F17,F17,Mental and behavioural disorders,,
ov_codes,ov_F18,F18,Mental and behavioural disorders,,
ov_codes,ov_F19,F19,Mental and behavioural disorders,,
ov_codes,ov_F20,F20,Mental and behavioural disorders,,
ov_codes,ov_F21,F21,Mental and behavioural disorders,,
ov_codes,ov_F22,F22,Mental and behavioural disorders,,
ov_codes,ov_F23,F23,Mental and behavioural disorders,,
ov_codes,ov_F24,F24,Mental and behavioural disorders,,
ov_codes,ov_F25,F25,Mental and behavioural disorders,,
ov_codes,ov_F28,F28,Mental and behavioural disorders,,
ov_codes,ov_F29,F29,Mental and behavioural disorders,,
ov_codes,ov_F30,F30,Mental and behavioural disorders,,
ov_codes,ov_F31,F31,Mental and behavioural disorders,,
ov_codes,ov_F32,F32,Mental and behavioural disorders,,
ov_codes,ov_F33,F33,Mental and behavioural disorders,,
ov_codes,ov_F34,F34,Mental and behavioural disorders,,
ov_codes,ov_F38,F38,Mental and behavioural disorders,,
ov_codes,ov_F39,F39,Mental and behavioural disorders,,
ov_codes,ov_F40,F40,Mental and behavioural disorders,,
ov_codes,ov_F41,F41,Mental and behavioural disorders,,
ov_codes,ov_F42,F42,Mental and behavioural disorders,,
ov_codes,ov_F43,F43,Mental and behavioural disorders,,
ov_codes,ov_F44,F44,Mental and behavioural disorders,,
ov_codes,ov_F45,F45,Mental and behavioural disorders,,
ov_codes,ov_F48,F48,Mental and behavioural disorders,,
ov_codes,ov_F50,F50,Mental and behavioural disorders,,
ov_codes,ov_F51,F51,Mental and behavioural disorders,,
ov_codes,ov_F52,F52,Mental and behavioural disorders,,
ov_codes,ov_F53,F53,Mental and behavioural disorders,,
ov_codes,ov_F54,F54,Mental and behavioural disorders,,
ov_codes,ov_F55,F55,Mental and behavioural disorders,,
ov_codes,ov_F59,F59,Mental and behavioural disorders,,
ov_codes,ov_F60,F60,Mental and behavioural disorders,,
ov_codes,ov_F61,F61,Mental and behavioural disorders,,
ov_codes,ov_F62,F62,Mental and behavioural disorders,,
ov_codes,ov_F63,F63,Mental and behavioural disorders,,
ov_codes,ov_F64,F64,Mental and behavioural disorders,,
ov_codes,ov_F65,F65,Mental and behavioural disorders,,
ov_codes,ov_F66,F66,Mental and behavioural disorders,,
ov_codes,ov_F68,F68,Mental and behavioural disorders,,
ov_codes,ov_F69,F69,Mental and behavioural disorders,,
ov_codes,ov_F70,F70,Mental and behavioural disorders,,
ov_codes,ov_F71,F71,Mental and behavioural disorders,,
ov_codes,ov_F72,F72,Mental and behavioural disorders,,
ov_codes,ov_F73,F73,Mental and behavioural disorders,,
ov_codes,ov_F78,F78,Mental and behavioural disorders,,
ov_codes,ov_F79,F79,Mental and behavioural disorders,,
ov_codes,ov_F80,F80,Mental and behavioural disorders,,
ov_codes,ov_F81,F81,Mental and behavioural disorders,,
ov_codes,ov_F82,F82,Mental and behavioural disorders,,
ov_codes,ov_F83,F83,Mental and behavioural disorders,,
ov_codes,ov_F84,F84,Mental and behavioural disorders,,
ov_codes,ov_F85,F85,Mental and behavioural disorders,,
ov_codes,ov_F88,F88,Mental and behavioural disorders,,
ov_codes,ov_F89,F89,Mental and behavioural disorders,,
ov_codes,ov_F90,F90,Mental and behavioural disorders,,
ov_codes,ov_F90B,F90B,Mental and behavioural disorders,,
ov_codes,ov_F91,F91,Mental and behavioural disorders,,
ov_codes,ov_F92,F92,Mental and behavioural disorders,,
ov_codes,ov_F93,F93,Mental and behavioural disorders,,
ov_codes,ov_F94,F94,Mental and behavioural disorders,,
ov_codes,ov_F95,F95,Mental and behavioural disorders,,
ov_codes,ov_F98,F98,Mental and behavioural disorders,,
ov_codes,ov_F99,F99,Mental and behavioural disorders,,
ov_codes,ov_FCNS,FCNS,,,"NON-STANDARD FORMAT: does not match ICD-10 letter+digit pattern -- needs manual review, not auto-classified"
ov_codes,ov_FLER1,FLER1,,,"NON-STANDARD FORMAT: does not match ICD-10 letter+digit pattern -- needs manual review, not auto-classified"
ov_codes,ov_FLER2,FLER2,,,"NON-STANDARD FORMAT: does not match ICD-10 letter+digit pattern -- needs manual review, not auto-classified"
ov_codes,ov_FMB,FMB,,,"NON-STANDARD FORMAT: does not match ICD-10 letter+digit pattern -- needs manual review, not auto-classified"
ov_codes,ov_G,G,,,"NON-STANDARD FORMAT: does not match ICD-10 letter+digit pattern -- needs manual review, not auto-classified"
ov_codes,ov_G00-G09,G00-G09,Diseases of the nervous system,,
ov_codes,ov_G10,G10,Diseases of the nervous system,,
ov_codes,ov_G11,G11,Diseases of the nervous system,,
ov_codes,ov_G12,G12,Diseases of the nervous system,,
ov_codes,ov_G13,G13,Diseases of the nervous system,,
ov_codes,ov_G14,G14,Diseases of the nervous system,,
ov_codes,ov_G20,G20,Diseases of the nervous system,,
ov_codes,ov_G21,G21,Diseases of the nervous system,,
ov_codes,ov_G22,G22,Diseases of the nervous system,,
ov_codes,ov_G23,G23,Diseases of the nervous system,,
ov_codes,ov_G24,G24,Diseases of the nervous system,,
ov_codes,ov_G25,G25,Diseases of the nervous system,,
ov_codes,ov_G26,G26,Diseases of the nervous system,,
ov_codes,ov_G30,G30,Diseases of the nervous system,,
ov_codes,ov_G31,G31,Diseases of the nervous system,,
ov_codes,ov_G312,G312,Diseases of the nervous system,,
ov_codes,ov_G32,G32,Diseases of the nervous system,,
ov_codes,ov_G35,G35,Diseases of the nervous system,,
ov_codes,ov_G36,G36,Diseases of the nervous system,,
ov_codes,ov_G37,G37,Diseases of the nervous system,,
ov_codes,ov_G4,G4,,,"NON-STANDARD FORMAT: does not match ICD-10 letter+digit pattern -- needs manual review, not auto-classified"
ov_codes,ov_G40-G47,G40-G47,Diseases of the nervous system,,
ov_codes,ov_G50-G59,G50-G59,Diseases of the nervous system,,
ov_codes,ov_G60-G64,G60-G64,Diseases of the nervous system,,
ov_codes,ov_G621,G621,Diseases of the nervous system,,
ov_codes,ov_G650,G650,Diseases of the nervous system,,
ov_codes,ov_G674,G674,Diseases of the nervous system,,
ov_codes,ov_G674L,G674L,Diseases of the nervous system,,
ov_codes,ov_G70,G70,Diseases of the nervous system,,
ov_codes,ov_G71,G71,Diseases of the nervous system,,
ov_codes,ov_G72,G72,Diseases of the nervous system,,
ov_codes,ov_G721,G721,Diseases of the nervous system,,
ov_codes,ov_G73,G73,Diseases of the nervous system,,
ov_codes,ov_G80,G80,Diseases of the nervous system,,
ov_codes,ov_G81,G81,Diseases of the nervous system,,
ov_codes,ov_G82,G82,Diseases of the nervous system,,
ov_codes,ov_G83,G83,Diseases of the nervous system,,
ov_codes,ov_G90-G99,G90-G99,Diseases of the nervous system,,
ov_codes,ov_H,H,,,"NON-STANDARD FORMAT: does not match ICD-10 letter+digit pattern -- needs manual review, not auto-classified"
ov_codes,ov_H0,H0,,,"NON-STANDARD FORMAT: does not match ICD-10 letter+digit pattern -- needs manual review, not auto-classified"
ov_codes,ov_H00-H06,H00-H06,Diseases of the eye and adnexa,,
ov_codes,ov_H02B,H02B,Diseases of the eye and adnexa,,
ov_codes,ov_H076,H076,Diseases of the eye and adnexa,,
ov_codes,ov_H10-H13,H10-H13,Diseases of the eye and adnexa,,
ov_codes,ov_H10I,H10I,Diseases of the eye and adnexa,,
ov_codes,ov_H15-H22,H15-H22,Diseases of the eye and adnexa,,
ov_codes,ov_H2359,H2359,Diseases of the eye and adnexa,,
ov_codes,ov_H246,H246,Diseases of the eye and adnexa,,
ov_codes,ov_H25-H28,H25-H28,Diseases of the eye and adnexa,,
ov_codes,ov_H30-H36,H30-H36,Diseases of the eye and adnexa,,
ov_codes,ov_H35HV,H35HV,Diseases of the eye and adnexa,,
ov_codes,ov_H40-H42,H40-H42,Diseases of the eye and adnexa,,
ov_codes,ov_H40B2,H40B2,Diseases of the eye and adnexa,,
ov_codes,ov_H40BH,H40BH,Diseases of the eye and adnexa,,
ov_codes,ov_H40OV,H40OV,Diseases of the eye and adnexa,,
ov_codes,ov_H43-H45,H43-H45,Diseases of the eye and adnexa,,
ov_codes,ov_H46-H48,H46-H48,Diseases of the eye and adnexa,,
ov_codes,ov_H49-H52,H49-H52,Diseases of the eye and adnexa,,
ov_codes,ov_H53-H54,H53-H54,Diseases of the eye and adnexa,,
ov_codes,ov_H55-H59,H55-H59,Diseases of the eye and adnexa,,
ov_codes,ov_H60-H62,H60-H62,Diseases of the ear and mastoid process,,
ov_codes,ov_H65-H75,H65-H75,Diseases of the ear and mastoid process,,
ov_codes,ov_H80-H83,H80-H83,Diseases of the ear and mastoid process,,
ov_codes,ov_H90-H95,H90-H95,Diseases of the ear and mastoid process,,
ov_codes,ov_H9959,H9959,,,
ov_codes,ov_HZ011,HZ011,,,"NON-STANDARD FORMAT: does not match ICD-10 letter+digit pattern -- needs manual review, not auto-classified"
ov_codes,ov_HÏ¿½R1,HÏ¿½R1,,,"NON-STANDARD FORMAT: does not match ICD-10 letter+digit pattern -- needs manual review, not auto-classified"
ov_codes,ov_HÏ¿½R2,HÏ¿½R2,,,"NON-STANDARD FORMAT: does not match ICD-10 letter+digit pattern -- needs manual review, not auto-classified"
ov_codes,ov_HÖR1,HÖR1,,,"NON-STANDARD FORMAT: does not match ICD-10 letter+digit pattern -- needs manual review, not auto-classified"
ov_codes,ov_HÖR2,HÖR2,,,"NON-STANDARD FORMAT: does not match ICD-10 letter+digit pattern -- needs manual review, not auto-classified"
ov_codes,ov_I,I,,,"NON-STANDARD FORMAT: does not match ICD-10 letter+digit pattern -- needs manual review, not auto-classified"
ov_codes,ov_I00,I00,Diseases of the circulatory system,,
ov_codes,ov_I01,I01,Diseases of the circulatory system,,
ov_codes,ov_I02,I02,Diseases of the circulatory system,,
ov_codes,ov_I05,I05,Diseases of the circulatory system,,
ov_codes,ov_I06,I06,Diseases of the circulatory system,,
ov_codes,ov_I07,I07,Diseases of the circulatory system,,
ov_codes,ov_I08,I08,Diseases of the circulatory system,,
ov_codes,ov_I09,I09,Diseases of the circulatory system,,
ov_codes,ov_I10,I10,Diseases of the circulatory system,,
ov_codes,ov_I109,I109,Diseases of the circulatory system,,
ov_codes,ov_I11,I11,Diseases of the circulatory system,,
ov_codes,ov_I110,I110,Diseases of the circulatory system,,
ov_codes,ov_I12,I12,Diseases of the circulatory system,,
ov_codes,ov_I13,I13,Diseases of the circulatory system,,
ov_codes,ov_I130,I130,Diseases of the circulatory system,,
ov_codes,ov_I132,I132,Diseases of the circulatory system,,
ov_codes,ov_I14,I14,Diseases of the circulatory system,,
ov_codes,ov_I15,I15,Diseases of the circulatory system,,
ov_codes,ov_I20,I20,Diseases of the circulatory system,,
ov_codes,ov_I21,I21,Diseases of the circulatory system,,
ov_codes,ov_I22,I22,Diseases of the circulatory system,,
ov_codes,ov_I23,I23,Diseases of the circulatory system,,
ov_codes,ov_I24,I24,Diseases of the circulatory system,,
ov_codes,ov_I25,I25,Diseases of the circulatory system,,
ov_codes,ov_I26,I26,Diseases of the circulatory system,,
ov_codes,ov_I27,I27,Diseases of the circulatory system,,
ov_codes,ov_I28,I28,Diseases of the circulatory system,,
ov_codes,ov_I30,I30,Diseases of the circulatory system,,
ov_codes,ov_I31,I31,Diseases of the circulatory system,,
ov_codes,ov_I32,I32,Diseases of the circulatory system,,
ov_codes,ov_I33,I33,Diseases of the circulatory system,,
ov_codes,ov_I34,I34,Diseases of the circulatory system,,
ov_codes,ov_I35,I35,Diseases of the circulatory system,,
ov_codes,ov_I36,I36,Diseases of the circulatory system,,
ov_codes,ov_I37,I37,Diseases of the circulatory system,,
ov_codes,ov_I38,I38,Diseases of the circulatory system,,
ov_codes,ov_I39,I39,Diseases of the circulatory system,,
ov_codes,ov_I40,I40,Diseases of the circulatory system,,
ov_codes,ov_I41,I41,Diseases of the circulatory system,,
ov_codes,ov_I42,I42,Diseases of the circulatory system,,
ov_codes,ov_I426,I426,Diseases of the circulatory system,,
ov_codes,ov_I43,I43,Diseases of the circulatory system,,
ov_codes,ov_I44,I44,Diseases of the circulatory system,,
ov_codes,ov_I45,I45,Diseases of the circulatory system,,
ov_codes,ov_I46,I46,Diseases of the circulatory system,,
ov_codes,ov_I47,I47,Diseases of the circulatory system,,
ov_codes,ov_I48,I48,Diseases of the circulatory system,,
ov_codes,ov_I49,I49,Diseases of the circulatory system,,
ov_codes,ov_I50,I50,Diseases of the circulatory system,,
ov_codes,ov_I51,I51,Diseases of the circulatory system,,
ov_codes,ov_I52,I52,Diseases of the circulatory system,,
ov_codes,ov_I60,I60,Diseases of the circulatory system,,
ov_codes,ov_I61,I61,Diseases of the circulatory system,,
ov_codes,ov_I62,I62,Diseases of the circulatory system,,
ov_codes,ov_I63,I63,Diseases of the circulatory system,,
ov_codes,ov_I64,I64,Diseases of the circulatory system,,
ov_codes,ov_I649,I649,Diseases of the circulatory system,,
ov_codes,ov_I65,I65,Diseases of the circulatory system,,
ov_codes,ov_I66,I66,Diseases of the circulatory system,,
ov_codes,ov_I67,I67,Diseases of the circulatory system,,
ov_codes,ov_I68,I68,Diseases of the circulatory system,,
ov_codes,ov_I69,I69,Diseases of the circulatory system,,
ov_codes,ov_I691,I691,Diseases of the circulatory system,,
ov_codes,ov_I693,I693,Diseases of the circulatory system,,
ov_codes,ov_I694,I694,Diseases of the circulatory system,,
ov_codes,ov_I698,I698,Diseases of the circulatory system,,
ov_codes,ov_I70,I70,Diseases of the circulatory system,,
ov_codes,ov_I71,I71,Diseases of the circulatory system,,
ov_codes,ov_I72,I72,Diseases of the circulatory system,,
ov_codes,ov_I73,I73,Diseases of the circulatory system,,
ov_codes,ov_I74,I74,Diseases of the circulatory system,,
ov_codes,ov_I77,I77,Diseases of the circulatory system,,
ov_codes,ov_I78,I78,Diseases of the circulatory system,,
ov_codes,ov_I79,I79,Diseases of the circulatory system,,
ov_codes,ov_I80,I80,Diseases of the circulatory system,,
ov_codes,ov_I81,I81,Diseases of the circulatory system,,
ov_codes,ov_I82,I82,Diseases of the circulatory system,,
ov_codes,ov_I83,I83,Diseases of the circulatory system,,
ov_codes,ov_I84,I84,Diseases of the circulatory system,,
ov_codes,ov_I85,I85,Diseases of the circulatory system,,
ov_codes,ov_I86,I86,Diseases of the circulatory system,,
ov_codes,ov_I87,I87,Diseases of the circulatory system,,
ov_codes,ov_I88,I88,Diseases of the circulatory system,,
ov_codes,ov_I89,I89,Diseases of the circulatory system,,
ov_codes,ov_I95,I95,Diseases of the circulatory system,,
ov_codes,ov_I97,I97,Diseases of the circulatory system,,
ov_codes,ov_I98,I98,Diseases of the circulatory system,,
ov_codes,ov_I99,I99,Diseases of the circulatory system,,
ov_codes,ov_IDEN,IDEN,,,"NON-STANDARD FORMAT: does not match ICD-10 letter+digit pattern -- needs manual review, not auto-classified"
ov_codes,ov_II1,II1,,,"NON-STANDARD FORMAT: does not match ICD-10 letter+digit pattern -- needs manual review, not auto-classified"
ov_codes,ov_J00,J00,Diseases of the respiratory system,,
ov_codes,ov_J01,J01,Diseases of the respiratory system,,
ov_codes,ov_J02,J02,Diseases of the respiratory system,,
ov_codes,ov_J03,J03,Diseases of the respiratory system,,
ov_codes,ov_J04,J04,Diseases of the respiratory system,,
ov_codes,ov_J05,J05,Diseases of the respiratory system,,
ov_codes,ov_J05A,J05A,Diseases of the respiratory system,,
ov_codes,ov_J06,J06,Diseases of the respiratory system,,
ov_codes,ov_J06B,J06B,Diseases of the respiratory system,,
ov_codes,ov_J09,J09,Diseases of the respiratory system,,
ov_codes,ov_J09?,J09?,Diseases of the respiratory system,,
ov_codes,ov_J10,J10,Diseases of the respiratory system,,
ov_codes,ov_J11,J11,Diseases of the respiratory system,,
ov_codes,ov_J12,J12,Diseases of the respiratory system,,
ov_codes,ov_J13,J13,Diseases of the respiratory system,,
ov_codes,ov_J14,J14,Diseases of the respiratory system,,
ov_codes,ov_J15,J15,Diseases of the respiratory system,,
ov_codes,ov_J16,J16,Diseases of the respiratory system,,
ov_codes,ov_J17,J17,Diseases of the respiratory system,,
ov_codes,ov_J18,J18,Diseases of the respiratory system,,
ov_codes,ov_J20,J20,Diseases of the respiratory system,,
ov_codes,ov_J21,J21,Diseases of the respiratory system,,
ov_codes,ov_J22,J22,Diseases of the respiratory system,,
ov_codes,ov_J30,J30,Diseases of the respiratory system,,
ov_codes,ov_J31,J31,Diseases of the respiratory system,,
ov_codes,ov_J32,J32,Diseases of the respiratory system,,
ov_codes,ov_J33,J33,Diseases of the respiratory system,,
ov_codes,ov_J34,J34,Diseases of the respiratory system,,
ov_codes,ov_J35,J35,Diseases of the respiratory system,,
ov_codes,ov_J36,J36,Diseases of the respiratory system,,
ov_codes,ov_J37,J37,Diseases of the respiratory system,,
ov_codes,ov_J38,J38,Diseases of the respiratory system,,
ov_codes,ov_J39,J39,Diseases of the respiratory system,,
ov_codes,ov_J40,J40,Diseases of the respiratory system,,
ov_codes,ov_J41,J41,Diseases of the respiratory system,,
ov_codes,ov_J42,J42,Diseases of the respiratory system,,
ov_codes,ov_J430,J430,Diseases of the respiratory system,,
ov_codes,ov_J431,J431,Diseases of the respiratory system,,
ov_codes,ov_J432,J432,Diseases of the respiratory system,,
ov_codes,ov_J438,J438,Diseases of the respiratory system,,
ov_codes,ov_J439,J439,Diseases of the respiratory system,,
ov_codes,ov_J44,J44,Diseases of the respiratory system,,
ov_codes,ov_J448,J448,Diseases of the respiratory system,,
ov_codes,ov_J449,J449,Diseases of the respiratory system,,
ov_codes,ov_J449P,J449P,Diseases of the respiratory system,,
ov_codes,ov_J45,J45,Diseases of the respiratory system,,
ov_codes,ov_J46,J46,Diseases of the respiratory system,,
ov_codes,ov_J47,J47,Diseases of the respiratory system,,
ov_codes,ov_J60,J60,Diseases of the respiratory system,,
ov_codes,ov_J61,J61,Diseases of the respiratory system,,
ov_codes,ov_J62,J62,Diseases of the respiratory system,,
ov_codes,ov_J63,J63,Diseases of the respiratory system,,
ov_codes,ov_J64,J64,Diseases of the respiratory system,,
ov_codes,ov_J65,J65,Diseases of the respiratory system,,
ov_codes,ov_J66,J66,Diseases of the respiratory system,,
ov_codes,ov_J67,J67,Diseases of the respiratory system,,
ov_codes,ov_J68,J68,Diseases of the respiratory system,,
ov_codes,ov_J684,J684,Diseases of the respiratory system,,
ov_codes,ov_J69,J69,Diseases of the respiratory system,,
ov_codes,ov_J70,J70,Diseases of the respiratory system,,
ov_codes,ov_J701,J701,Diseases of the respiratory system,,
ov_codes,ov_J703,J703,Diseases of the respiratory system,,
ov_codes,ov_J80,J80,Diseases of the respiratory system,,
ov_codes,ov_J81,J81,Diseases of the respiratory system,,
ov_codes,ov_J82,J82,Diseases of the respiratory system,,
ov_codes,ov_J840,J840,Diseases of the respiratory system,,
ov_codes,ov_J841,J841,Diseases of the respiratory system,,
ov_codes,ov_J848,J848,Diseases of the respiratory system,,
ov_codes,ov_J849,J849,Diseases of the respiratory system,,
ov_codes,ov_J85,J85,Diseases of the respiratory system,,
ov_codes,ov_J86,J86,Diseases of the respiratory system,,
ov_codes,ov_J90,J90,Diseases of the respiratory system,,
ov_codes,ov_J91,J91,Diseases of the respiratory system,,
ov_codes,ov_J92,J92,Diseases of the respiratory system,,
ov_codes,ov_J93,J93,Diseases of the respiratory system,,
ov_codes,ov_J94,J94,Diseases of the respiratory system,,
ov_codes,ov_J95,J95,Diseases of the respiratory system,,
ov_codes,ov_J96,J96,Diseases of the respiratory system,,
ov_codes,ov_J961,J961,Diseases of the respiratory system,,
ov_codes,ov_J9610,J9610,Diseases of the respiratory system,,
ov_codes,ov_J9611,J9611,Diseases of the respiratory system,,
ov_codes,ov_J9619,J9619,Diseases of the respiratory system,,
ov_codes,ov_J969,J969,Diseases of the respiratory system,,
ov_codes,ov_J9690,J9690,Diseases of the respiratory system,,
ov_codes,ov_J9691,J9691,Diseases of the respiratory system,,
ov_codes,ov_J9699,J9699,Diseases of the respiratory system,,
ov_codes,ov_J98,J98,Diseases of the respiratory system,,
ov_codes,ov_J99,J99,Diseases of the respiratory system,,
ov_codes,ov_JJ3,JJ3,,,"NON-STANDARD FORMAT: does not match ICD-10 letter+digit pattern -- needs manual review, not auto-classified"
ov_codes,ov_JO5,JO5,,,"NON-STANDARD FORMAT: does not match ICD-10 letter+digit pattern -- needs manual review, not auto-classified"
ov_codes,ov_K00-K14,K00-K14,Diseases of the digestive system,,
ov_codes,ov_K20-K31,K20-K31,Diseases of the digestive system,,
ov_codes,ov_K292,K292,Diseases of the digestive system,,
ov_codes,ov_K35-K38,K35-K38,Diseases of the digestive system,,
ov_codes,ov_K40-K46,K40-K46,Diseases of the digestive system,,
ov_codes,ov_K50-K52,K50-K52,Diseases of the digestive system,,
ov_codes,ov_K55-K64,K55-K64,Diseases of the digestive system,,
ov_codes,ov_K65-K67,K65-K67,Diseases of the digestive system,,
ov_codes,ov_K70,K70,Diseases of the digestive system,,
ov_codes,ov_K70-K77,K70-K77,Diseases of the digestive system,,
ov_codes,ov_K702,K702,Diseases of the digestive system,,
ov_codes,ov_K703,K703,Diseases of the digestive system,,
ov_codes,ov_K71,K71,Diseases of the digestive system,,
ov_codes,ov_K721,K721,Diseases of the digestive system,,
ov_codes,ov_K729,K729,Diseases of the digestive system,,
ov_codes,ov_K73,K73,Diseases of the digestive system,,
ov_codes,ov_K74,K74,Diseases of the digestive system,,
ov_codes,ov_K75,K75,Diseases of the digestive system,,
ov_codes,ov_K76,K76,Diseases of the digestive system,,
ov_codes,ov_K77,K77,Diseases of the digestive system,,
ov_codes,ov_K80-K87,K80-K87,Diseases of the digestive system,,
ov_codes,ov_K852,K852,Diseases of the digestive system,,
ov_codes,ov_K860,K860,Diseases of the digestive system,,
ov_codes,ov_K90-K93,K90-K93,Diseases of the digestive system,,
ov_codes,ov_L00-L08,L00-L08,Diseases of the skin and subcutaneous tissue,,
ov_codes,ov_L01BA,L01BA,Diseases of the skin and subcutaneous tissue,,
ov_codes,ov_L03C,L03C,Diseases of the skin and subcutaneous tissue,,
ov_codes,ov_L10-L14,L10-L14,Diseases of the skin and subcutaneous tissue,,
ov_codes,ov_L12W,L12W,Diseases of the skin and subcutaneous tissue,,
ov_codes,ov_L20-L30,L20-L30,Diseases of the skin and subcutaneous tissue,,
ov_codes,ov_L29P,L29P,Diseases of the skin and subcutaneous tissue,,
ov_codes,ov_L40-L45,L40-L45,Diseases of the skin and subcutaneous tissue,,
ov_codes,ov_L485W,L485W,Diseases of the skin and subcutaneous tissue,,
ov_codes,ov_L50-L54,L50-L54,Diseases of the skin and subcutaneous tissue,,
ov_codes,ov_L55-L59,L55-L59,Diseases of the skin and subcutaneous tissue,,
ov_codes,ov_L60-L75,L60-L75,Diseases of the skin and subcutaneous tissue,,
ov_codes,ov_L65P,L65P,Diseases of the skin and subcutaneous tissue,,
ov_codes,ov_L80-L99,L80-L99,Diseases of the skin and subcutaneous tissue,,
ov_codes,ov_M,M,,,"NON-STANDARD FORMAT: does not match ICD-10 letter+digit pattern -- needs manual review, not auto-classified"
ov_codes,ov_M0,M0,,,"NON-STANDARD FORMAT: does not match ICD-10 letter+digit pattern -- needs manual review, not auto-classified"
ov_codes,ov_M00-M03,M00-M03,Diseases of the musculoskeletal system and connective tissue,,
ov_codes,ov_M02A,M02A,Diseases of the musculoskeletal system and connective tissue,,
ov_codes,ov_M05,M05,Diseases of the musculoskeletal system and connective tissue,,
ov_codes,ov_M05-M14,M05-M14,Diseases of the musculoskeletal system and connective tissue,,
ov_codes,ov_M06,M06,Diseases of the musculoskeletal system and connective tissue,,
ov_codes,ov_M06P,M06P,Diseases of the musculoskeletal system and connective tissue,,
ov_codes,ov_M08,M08,Diseases of the musculoskeletal system and connective tissue,,
ov_codes,ov_M15-M19,M15-M19,Diseases of the musculoskeletal system and connective tissue,,
ov_codes,ov_M17L,M17L,Diseases of the musculoskeletal system and connective tissue,,
ov_codes,ov_M19H,M19H,Diseases of the musculoskeletal system and connective tissue,,
ov_codes,ov_M19OB,M19OB,Diseases of the musculoskeletal system and connective tissue,,
ov_codes,ov_M20-M25,M20-M25,Diseases of the musculoskeletal system and connective tissue,,
ov_codes,ov_M274,M274,Diseases of the musculoskeletal system and connective tissue,,
ov_codes,ov_M296,M296,Diseases of the musculoskeletal system and connective tissue,,
ov_codes,ov_M299,M299,Diseases of the musculoskeletal system and connective tissue,,
ov_codes,ov_M30-M36,M30-M36,Diseases of the musculoskeletal system and connective tissue,,
ov_codes,ov_M394,M394,Diseases of the musculoskeletal system and connective tissue,,
ov_codes,ov_M4,M4,,,"NON-STANDARD FORMAT: does not match ICD-10 letter+digit pattern -- needs manual review, not auto-classified"
ov_codes,ov_M40-M43,M40-M43,Diseases of the musculoskeletal system and connective tissue,,
ov_codes,ov_M45-M49,M45-M49,Diseases of the musculoskeletal system and connective tissue,,
ov_codes,ov_M50-M54,M50-M54,Diseases of the musculoskeletal system and connective tissue,,
ov_codes,ov_M50L,M50L,Diseases of the musculoskeletal system and connective tissue,,
ov_codes,ov_M50L1,M50L1,Diseases of the musculoskeletal system and connective tissue,,
ov_codes,ov_M51L,M51L,Diseases of the musculoskeletal system and connective tissue,,
ov_codes,ov_M564,M564,Diseases of the musculoskeletal system and connective tissue,,
ov_codes,ov_M571,M571,Diseases of the musculoskeletal system and connective tissue,,
ov_codes,ov_M591,M591,Diseases of the musculoskeletal system and connective tissue,,
ov_codes,ov_M5L1,M5L1,,,"NON-STANDARD FORMAT: does not match ICD-10 letter+digit pattern -- needs manual review, not auto-classified"
ov_codes,ov_M60-M63,M60-M63,Diseases of the musculoskeletal system and connective tissue,,
ov_codes,ov_M65-M68,M65-M68,Diseases of the musculoskeletal system and connective tissue,,
ov_codes,ov_M70-M79,M70-M79,Diseases of the musculoskeletal system and connective tissue,,
ov_codes,ov_M80-M85,M80-M85,Diseases of the musculoskeletal system and connective tissue,,
ov_codes,ov_M86-M90,M86-M90,Diseases of the musculoskeletal system and connective tissue,,
ov_codes,ov_M91-M94,M91-M94,Diseases of the musculoskeletal system and connective tissue,,
ov_codes,ov_M95-M99,M95-M99,Diseases of the musculoskeletal system and connective tissue,,
ov_codes,ov_MED,MED,,,"NON-STANDARD FORMAT: does not match ICD-10 letter+digit pattern -- needs manual review, not auto-classified"
ov_codes,ov_N,N,,,"NON-STANDARD FORMAT: does not match ICD-10 letter+digit pattern -- needs manual review, not auto-classified"
ov_codes,ov_N00,N00,Diseases of the genitourinary system,,
ov_codes,ov_N00-N08,N00-N08,Diseases of the genitourinary system,,
ov_codes,ov_N01,N01,Diseases of the genitourinary system,,
ov_codes,ov_N02,N02,Diseases of the genitourinary system,,
ov_codes,ov_N02A,N02A,Diseases of the genitourinary system,,
ov_codes,ov_N02AJ,N02AJ,Diseases of the genitourinary system,,
ov_codes,ov_N03,N03,Diseases of the genitourinary system,,
ov_codes,ov_N04,N04,Diseases of the genitourinary system,,
ov_codes,ov_N05,N05,Diseases of the genitourinary system,,
ov_codes,ov_N05AF,N05AF,Diseases of the genitourinary system,,
ov_codes,ov_N06A,N06A,Diseases of the genitourinary system,,
ov_codes,ov_N07,N07,Diseases of the genitourinary system,,
ov_codes,ov_N08,N08,Diseases of the genitourinary system,,
ov_codes,ov_N10-N16,N10-N16,Diseases of the genitourinary system,,
ov_codes,ov_N11,N11,Diseases of the genitourinary system,,
ov_codes,ov_N14,N14,Diseases of the genitourinary system,,
ov_codes,ov_N17-N19,N17-N19,Diseases of the genitourinary system,,
ov_codes,ov_N18,N18,Diseases of the genitourinary system,,
ov_codes,ov_N184,N184,Diseases of the genitourinary system,,
ov_codes,ov_N185,N185,Diseases of the genitourinary system,,
ov_codes,ov_N19-P,N19-P,Diseases of the genitourinary system,,
ov_codes,ov_N199,N199,Diseases of the genitourinary system,,
ov_codes,ov_N20-N23,N20-N23,Diseases of the genitourinary system,,
ov_codes,ov_N25-N29,N25-N29,Diseases of the genitourinary system,,
ov_codes,ov_N30-N39,N30-N39,Diseases of the genitourinary system,,
ov_codes,ov_N30P,N30P,Diseases of the genitourinary system,,
ov_codes,ov_N40-N51,N40-N51,Diseases of the genitourinary system,,
ov_codes,ov_N47B,N47B,Diseases of the genitourinary system,,
ov_codes,ov_N545,N545,Diseases of the genitourinary system,,
ov_codes,ov_N60-N64,N60-N64,Diseases of the genitourinary system,,
ov_codes,ov_N652,N652,Diseases of the genitourinary system,,
ov_codes,ov_N678,N678,Diseases of the genitourinary system,,
ov_codes,ov_N70-N77,N70-N77,Diseases of the genitourinary system,,
ov_codes,ov_N80-N98,N80-N98,Diseases of the genitourinary system,,
ov_codes,ov_N99-N99,N99-N99,Diseases of the genitourinary system,,
ov_codes,ov_O00,O00,"Pregnancy, childbirth and the puerperium",,
ov_codes,ov_O01,O01,"Pregnancy, childbirth and the puerperium",,
ov_codes,ov_O02,O02,"Pregnancy, childbirth and the puerperium",,
ov_codes,ov_O03,O03,"Pregnancy, childbirth and the puerperium",,
ov_codes,ov_O03P,O03P,"Pregnancy, childbirth and the puerperium",,
ov_codes,ov_O04,O04,"Pregnancy, childbirth and the puerperium",,
ov_codes,ov_O05,O05,"Pregnancy, childbirth and the puerperium",,
ov_codes,ov_O06,O06,"Pregnancy, childbirth and the puerperium",,
ov_codes,ov_O07,O07,"Pregnancy, childbirth and the puerperium",,
ov_codes,ov_O08,O08,"Pregnancy, childbirth and the puerperium",,
ov_codes,ov_O10,O10,"Pregnancy, childbirth and the puerperium",,
ov_codes,ov_O11,O11,"Pregnancy, childbirth and the puerperium",,
ov_codes,ov_O12,O12,"Pregnancy, childbirth and the puerperium",,
ov_codes,ov_O13,O13,"Pregnancy, childbirth and the puerperium",,
ov_codes,ov_O14,O14,"Pregnancy, childbirth and the puerperium",,
ov_codes,ov_O15,O15,"Pregnancy, childbirth and the puerperium",,
ov_codes,ov_O16,O16,"Pregnancy, childbirth and the puerperium",,
ov_codes,ov_O20,O20,"Pregnancy, childbirth and the puerperium",,
ov_codes,ov_O21,O21,"Pregnancy, childbirth and the puerperium",,
ov_codes,ov_O22,O22,"Pregnancy, childbirth and the puerperium",,
ov_codes,ov_O23,O23,"Pregnancy, childbirth and the puerperium",,
ov_codes,ov_O24,O24,"Pregnancy, childbirth and the puerperium",,
ov_codes,ov_O25,O25,"Pregnancy, childbirth and the puerperium",,
ov_codes,ov_O26,O26,"Pregnancy, childbirth and the puerperium",,
ov_codes,ov_O28,O28,"Pregnancy, childbirth and the puerperium",,
ov_codes,ov_O29,O29,"Pregnancy, childbirth and the puerperium",,
ov_codes,ov_O30,O30,"Pregnancy, childbirth and the puerperium",,
ov_codes,ov_O31,O31,"Pregnancy, childbirth and the puerperium",,
ov_codes,ov_O32,O32,"Pregnancy, childbirth and the puerperium",,
ov_codes,ov_O33,O33,"Pregnancy, childbirth and the puerperium",,
ov_codes,ov_O34,O34,"Pregnancy, childbirth and the puerperium",,
ov_codes,ov_O35,O35,"Pregnancy, childbirth and the puerperium",,
ov_codes,ov_O36,O36,"Pregnancy, childbirth and the puerperium",,
ov_codes,ov_O40,O40,"Pregnancy, childbirth and the puerperium",,
ov_codes,ov_O41,O41,"Pregnancy, childbirth and the puerperium",,
ov_codes,ov_O42,O42,"Pregnancy, childbirth and the puerperium",,
ov_codes,ov_O43,O43,"Pregnancy, childbirth and the puerperium",,
ov_codes,ov_O44,O44,"Pregnancy, childbirth and the puerperium",,
ov_codes,ov_O45,O45,"Pregnancy, childbirth and the puerperium",,
ov_codes,ov_O46,O46,"Pregnancy, childbirth and the puerperium",,
ov_codes,ov_O47,O47,"Pregnancy, childbirth and the puerperium",,
ov_codes,ov_O48,O48,"Pregnancy, childbirth and the puerperium",,
ov_codes,ov_O60,O60,"Pregnancy, childbirth and the puerperium",,
ov_codes,ov_O61,O61,"Pregnancy, childbirth and the puerperium",,
ov_codes,ov_O62,O62,"Pregnancy, childbirth and the puerperium",,
ov_codes,ov_O63,O63,"Pregnancy, childbirth and the puerperium",,
ov_codes,ov_O64,O64,"Pregnancy, childbirth and the puerperium",,
ov_codes,ov_O65,O65,"Pregnancy, childbirth and the puerperium",,
ov_codes,ov_O66,O66,"Pregnancy, childbirth and the puerperium",,
ov_codes,ov_O67,O67,"Pregnancy, childbirth and the puerperium",,
ov_codes,ov_O68,O68,"Pregnancy, childbirth and the puerperium",,
ov_codes,ov_O69,O69,"Pregnancy, childbirth and the puerperium",,
ov_codes,ov_O70,O70,"Pregnancy, childbirth and the puerperium",,
ov_codes,ov_O71,O71,"Pregnancy, childbirth and the puerperium",,
ov_codes,ov_O72,O72,"Pregnancy, childbirth and the puerperium",,
ov_codes,ov_O73,O73,"Pregnancy, childbirth and the puerperium",,
ov_codes,ov_O74,O74,"Pregnancy, childbirth and the puerperium",,
ov_codes,ov_O75,O75,"Pregnancy, childbirth and the puerperium",,
ov_codes,ov_O76,O76,"Pregnancy, childbirth and the puerperium",,
ov_codes,ov_O80,O80,"Pregnancy, childbirth and the puerperium",,
ov_codes,ov_O81,O81,"Pregnancy, childbirth and the puerperium",,
ov_codes,ov_O82,O82,"Pregnancy, childbirth and the puerperium",,
ov_codes,ov_O83,O83,"Pregnancy, childbirth and the puerperium",,
ov_codes,ov_O84,O84,"Pregnancy, childbirth and the puerperium",,
ov_codes,ov_O85-O92,O85-O92,"Pregnancy, childbirth and the puerperium",,
ov_codes,ov_O88,O88,"Pregnancy, childbirth and the puerperium",,
ov_codes,ov_O94-O99,O94-O99,"Pregnancy, childbirth and the puerperium",,
ov_codes,ov_O95,O95,"Pregnancy, childbirth and the puerperium",,
ov_codes,ov_O98,O98,"Pregnancy, childbirth and the puerperium",,
ov_codes,ov_O99,O99,"Pregnancy, childbirth and the puerperium",,
ov_codes,ov_P00-P04,P00-P04,Certain conditions originating in the perinatal period,,
ov_codes,ov_P05-P08,P05-P08,Certain conditions originating in the perinatal period,,
ov_codes,ov_P10-P15,P10-P15,Certain conditions originating in the perinatal period,,
ov_codes,ov_P15P,P15P,Certain conditions originating in the perinatal period,,
ov_codes,ov_P20-P29,P20-P29,Certain conditions originating in the perinatal period,,
ov_codes,ov_P35-P39,P35-P39,Certain conditions originating in the perinatal period,,
ov_codes,ov_P50-P61,P50-P61,Certain conditions originating in the perinatal period,,
ov_codes,ov_P70-P74,P70-P74,Certain conditions originating in the perinatal period,,
ov_codes,ov_P75-P78,P75-P78,Certain conditions originating in the perinatal period,,
ov_codes,ov_P80-P83,P80-P83,Certain conditions originating in the perinatal period,,
ov_codes,ov_P90-P96,P90-P96,Certain conditions originating in the perinatal period,,
ov_codes,ov_PL0660,PL0660,,,"NON-STANDARD FORMAT: does not match ICD-10 letter+digit pattern -- needs manual review, not auto-classified"
ov_codes,ov_PL0757,PL0757,,,"NON-STANDARD FORMAT: does not match ICD-10 letter+digit pattern -- needs manual review, not auto-classified"
ov_codes,ov_PL1112,PL1112,,,"NON-STANDARD FORMAT: does not match ICD-10 letter+digit pattern -- needs manual review, not auto-classified"
ov_codes,ov_PL1113,PL1113,,,"NON-STANDARD FORMAT: does not match ICD-10 letter+digit pattern -- needs manual review, not auto-classified"
ov_codes,ov_PREVENT,PREVENT,,,"NON-STANDARD FORMAT: does not match ICD-10 letter+digit pattern -- needs manual review, not auto-classified"
ov_codes,ov_Q00-Q07,Q00-Q07,"Congenital malformations, deformations and chromosomal abnormalities",,
ov_codes,ov_Q10-Q18,Q10-Q18,"Congenital malformations, deformations and chromosomal abnormalities",,
ov_codes,ov_Q20-Q28,Q20-Q28,"Congenital malformations, deformations and chromosomal abnormalities",,
ov_codes,ov_Q30-Q34,Q30-Q34,"Congenital malformations, deformations and chromosomal abnormalities",,
ov_codes,ov_Q35-Q37,Q35-Q37,"Congenital malformations, deformations and chromosomal abnormalities",,
ov_codes,ov_Q38-Q45,Q38-Q45,"Congenital malformations, deformations and chromosomal abnormalities",,
ov_codes,ov_Q50-Q56,Q50-Q56,"Congenital malformations, deformations and chromosomal abnormalities",,
ov_codes,ov_Q57-P,Q57-P,"Congenital malformations, deformations and chromosomal abnormalities",,
ov_codes,ov_Q60-Q64,Q60-Q64,"Congenital malformations, deformations and chromosomal abnormalities",,
ov_codes,ov_Q65-Q79,Q65-Q79,"Congenital malformations, deformations and chromosomal abnormalities",,
ov_codes,ov_Q80-Q89,Q80-Q89,"Congenital malformations, deformations and chromosomal abnormalities",,
ov_codes,ov_Q860,Q860,"Congenital malformations, deformations and chromosomal abnormalities",,
ov_codes,ov_Q90-Q99,Q90-Q99,"Congenital malformations, deformations and chromosomal abnormalities",,
ov_codes,ov_QXE99,QXE99,,,"NON-STANDARD FORMAT: does not match ICD-10 letter+digit pattern -- needs manual review, not auto-classified"
ov_codes,ov_R00-R09,R00-R09,"Symptoms, signs and abnormal clinical/laboratory findings, NEC",,
ov_codes,ov_R10-R19,R10-R19,"Symptoms, signs and abnormal clinical/laboratory findings, NEC",,
ov_codes,ov_R10P,R10P,"Symptoms, signs and abnormal clinical/laboratory findings, NEC",,
ov_codes,ov_R10X,R10X,"Symptoms, signs and abnormal clinical/laboratory findings, NEC",,
ov_codes,ov_R20-R23,R20-R23,"Symptoms, signs and abnormal clinical/laboratory findings, NEC",,
ov_codes,ov_R25-R29,R25-R29,"Symptoms, signs and abnormal clinical/laboratory findings, NEC",,
ov_codes,ov_R30-R39,R30-R39,"Symptoms, signs and abnormal clinical/laboratory findings, NEC",,
ov_codes,ov_R40-R46,R40-R46,"Symptoms, signs and abnormal clinical/laboratory findings, NEC",,
ov_codes,ov_R47-R49,R47-R49,"Symptoms, signs and abnormal clinical/laboratory findings, NEC",,
ov_codes,ov_R49OX,R49OX,"Symptoms, signs and abnormal clinical/laboratory findings, NEC",,
ov_codes,ov_R50-R69,R50-R69,"Symptoms, signs and abnormal clinical/laboratory findings, NEC",,
ov_codes,ov_R52B,R52B,"Symptoms, signs and abnormal clinical/laboratory findings, NEC",,
ov_codes,ov_R70-R79,R70-R79,"Symptoms, signs and abnormal clinical/laboratory findings, NEC",,
ov_codes,ov_R80-R82,R80-R82,"Symptoms, signs and abnormal clinical/laboratory findings, NEC",,
ov_codes,ov_R83-R89,R83-R89,"Symptoms, signs and abnormal clinical/laboratory findings, NEC",,
ov_codes,ov_R89P,R89P,"Symptoms, signs and abnormal clinical/laboratory findings, NEC",,
ov_codes,ov_R90-R94,R90-R94,"Symptoms, signs and abnormal clinical/laboratory findings, NEC",,
ov_codes,ov_R95-R99,R95-R99,"Symptoms, signs and abnormal clinical/laboratory findings, NEC",,
ov_codes,ov_RECEPT,RECEPT,,,"NON-STANDARD FORMAT: does not match ICD-10 letter+digit pattern -- needs manual review, not auto-classified"
ov_codes,ov_RG430,RG430,,,"NON-STANDARD FORMAT: does not match ICD-10 letter+digit pattern -- needs manual review, not auto-classified"
ov_codes,ov_RH1,RH1,,,"NON-STANDARD FORMAT: does not match ICD-10 letter+digit pattern -- needs manual review, not auto-classified"
ov_codes,ov_RH2,RH2,,,"NON-STANDARD FORMAT: does not match ICD-10 letter+digit pattern -- needs manual review, not auto-classified"
ov_codes,ov_RJ459,RJ459,,,"NON-STANDARD FORMAT: does not match ICD-10 letter+digit pattern -- needs manual review, not auto-classified"
ov_codes,ov_RLE,RLE,,,"NON-STANDARD FORMAT: does not match ICD-10 letter+digit pattern -- needs manual review, not auto-classified"
ov_codes,ov_RLEMF,RLEMF,,,"NON-STANDARD FORMAT: does not match ICD-10 letter+digit pattern -- needs manual review, not auto-classified"
ov_codes,ov_RLI,RLI,,,"NON-STANDARD FORMAT: does not match ICD-10 letter+digit pattern -- needs manual review, not auto-classified"
ov_codes,ov_S00-S09,S00-S09,"Injury, poisoning and certain other consequences of external causes",,
ov_codes,ov_S10-S19,S10-S19,"Injury, poisoning and certain other consequences of external causes",,
ov_codes,ov_S20-S29,S20-S29,"Injury, poisoning and certain other consequences of external causes",,
ov_codes,ov_S30-S39,S30-S39,"Injury, poisoning and certain other consequences of external causes",,
ov_codes,ov_S40-S49,S40-S49,"Injury, poisoning and certain other consequences of external causes",,
ov_codes,ov_S50-S59,S50-S59,"Injury, poisoning and certain other consequences of external causes",,
ov_codes,ov_S60-S69,S60-S69,"Injury, poisoning and certain other consequences of external causes",,
ov_codes,ov_S70-S79,S70-S79,"Injury, poisoning and certain other consequences of external causes",,
ov_codes,ov_S80-S89,S80-S89,"Injury, poisoning and certain other consequences of external causes",,
ov_codes,ov_S90-S99,S90-S99,"Injury, poisoning and certain other consequences of external causes",,
ov_codes,ov_SK,SK,,,"NON-STANDARD FORMAT: does not match ICD-10 letter+digit pattern -- needs manual review, not auto-classified"
ov_codes,ov_SPR,SPR,,,"NON-STANDARD FORMAT: does not match ICD-10 letter+digit pattern -- needs manual review, not auto-classified"
ov_codes,ov_SYN,SYN,,,"NON-STANDARD FORMAT: does not match ICD-10 letter+digit pattern -- needs manual review, not auto-classified"
ov_codes,ov_T00-T07,T00-T07,"Injury, poisoning and certain other consequences of external causes",,
ov_codes,ov_T08-T14,T08-T14,"Injury, poisoning and certain other consequences of external causes",,
ov_codes,ov_T15-T19,T15-T19,"Injury, poisoning and certain other consequences of external causes",,
ov_codes,ov_T20-T25,T20-T25,"Injury, poisoning and certain other consequences of external causes",,
ov_codes,ov_T26-T28,T26-T28,"Injury, poisoning and certain other consequences of external causes",,
ov_codes,ov_T29-T32,T29-T32,"Injury, poisoning and certain other consequences of external causes",,
ov_codes,ov_T33-T35,T33-T35,"Injury, poisoning and certain other consequences of external causes",,
ov_codes,ov_T36-T50,T36-T50,"Injury, poisoning and certain other consequences of external causes",,
ov_codes,ov_T51-T65,T51-T65,"Injury, poisoning and certain other consequences of external causes",,
ov_codes,ov_T66-T78,T66-T78,"Injury, poisoning and certain other consequences of external causes",,
ov_codes,ov_T79-T79,T79-T79,"Injury, poisoning and certain other consequences of external causes",,
ov_codes,ov_T80-T88,T80-T88,"Injury, poisoning and certain other consequences of external causes",,
ov_codes,ov_T90-T98,T90-T98,"Injury, poisoning and certain other consequences of external causes",,
ov_codes,ov_TELE,TELE,,,"NON-STANDARD FORMAT: does not match ICD-10 letter+digit pattern -- needs manual review, not auto-classified"
ov_codes,ov_U00-U49,U00-U49,"Provisional assignment of new diseases of uncertain aetiology or emergency use (WHO special supplementary chapter) -- includes U07.1/U07.2 COVID-19, U08.9 personal history of COVID-19, U09.9 post COVID-19 condition, U10.9 paediatric multisystem inflammatory syndrome associated with COVID-19",,
ov_codes,ov_U049,U049,"Provisional assignment of new diseases of uncertain aetiology or emergency use (WHO special supplementary chapter) -- includes U07.1/U07.2 COVID-19, U08.9 personal history of COVID-19, U09.9 post COVID-19 condition, U10.9 paediatric multisystem inflammatory syndrome associated with COVID-19",,
ov_codes,ov_U070,U070,"Provisional assignment of new diseases of uncertain aetiology or emergency use (WHO special supplementary chapter) -- includes U07.1/U07.2 COVID-19, U08.9 personal history of COVID-19, U09.9 post COVID-19 condition, U10.9 paediatric multisystem inflammatory syndrome associated with COVID-19",,
ov_codes,ov_U071,U071,"Provisional assignment of new diseases of uncertain aetiology or emergency use (WHO special supplementary chapter) -- includes U07.1/U07.2 COVID-19, U08.9 personal history of COVID-19, U09.9 post COVID-19 condition, U10.9 paediatric multisystem inflammatory syndrome associated with COVID-19",,
ov_codes,ov_U072,U072,"Provisional assignment of new diseases of uncertain aetiology or emergency use (WHO special supplementary chapter) -- includes U07.1/U07.2 COVID-19, U08.9 personal history of COVID-19, U09.9 post COVID-19 condition, U10.9 paediatric multisystem inflammatory syndrome associated with COVID-19",,
ov_codes,ov_U073,U073,"Provisional assignment of new diseases of uncertain aetiology or emergency use (WHO special supplementary chapter) -- includes U07.1/U07.2 COVID-19, U08.9 personal history of COVID-19, U09.9 post COVID-19 condition, U10.9 paediatric multisystem inflammatory syndrome associated with COVID-19",,
ov_codes,ov_U074,U074,"Provisional assignment of new diseases of uncertain aetiology or emergency use (WHO special supplementary chapter) -- includes U07.1/U07.2 COVID-19, U08.9 personal history of COVID-19, U09.9 post COVID-19 condition, U10.9 paediatric multisystem inflammatory syndrome associated with COVID-19",,
ov_codes,ov_U076,U076,"Provisional assignment of new diseases of uncertain aetiology or emergency use (WHO special supplementary chapter) -- includes U07.1/U07.2 COVID-19, U08.9 personal history of COVID-19, U09.9 post COVID-19 condition, U10.9 paediatric multisystem inflammatory syndrome associated with COVID-19",,
ov_codes,ov_U078,U078,"Provisional assignment of new diseases of uncertain aetiology or emergency use (WHO special supplementary chapter) -- includes U07.1/U07.2 COVID-19, U08.9 personal history of COVID-19, U09.9 post COVID-19 condition, U10.9 paediatric multisystem inflammatory syndrome associated with COVID-19",,
ov_codes,ov_U079,U079,"Provisional assignment of new diseases of uncertain aetiology or emergency use (WHO special supplementary chapter) -- includes U07.1/U07.2 COVID-19, U08.9 personal history of COVID-19, U09.9 post COVID-19 condition, U10.9 paediatric multisystem inflammatory syndrome associated with COVID-19",,
ov_codes,ov_U082,U082,"Provisional assignment of new diseases of uncertain aetiology or emergency use (WHO special supplementary chapter) -- includes U07.1/U07.2 COVID-19, U08.9 personal history of COVID-19, U09.9 post COVID-19 condition, U10.9 paediatric multisystem inflammatory syndrome associated with COVID-19",,
ov_codes,ov_U089,U089,"Provisional assignment of new diseases of uncertain aetiology or emergency use (WHO special supplementary chapter) -- includes U07.1/U07.2 COVID-19, U08.9 personal history of COVID-19, U09.9 post COVID-19 condition, U10.9 paediatric multisystem inflammatory syndrome associated with COVID-19",,
ov_codes,ov_U099,U099,"Provisional assignment of new diseases of uncertain aetiology or emergency use (WHO special supplementary chapter) -- includes U07.1/U07.2 COVID-19, U08.9 personal history of COVID-19, U09.9 post COVID-19 condition, U10.9 paediatric multisystem inflammatory syndrome associated with COVID-19",,
ov_codes,ov_U109,U109,"Provisional assignment of new diseases of uncertain aetiology or emergency use (WHO special supplementary chapter) -- includes U07.1/U07.2 COVID-19, U08.9 personal history of COVID-19, U09.9 post COVID-19 condition, U10.9 paediatric multisystem inflammatory syndrome associated with COVID-19",,
ov_codes,ov_U82-U85,U82-U85,Resistance to antimicrobial and antineoplastic drugs (WHO special supplementary chapter),,
ov_codes,ov_U98-U99,U98-U99,Provisional codes for new diseases / other special-purpose use (WHO special supplementary chapter),,
ov_codes,ov_UA4401,UA4401,,,"NON-STANDARD FORMAT: does not match ICD-10 letter+digit pattern -- needs manual review, not auto-classified"
ov_codes,ov_UA4402,UA4402,,,"NON-STANDARD FORMAT: does not match ICD-10 letter+digit pattern -- needs manual review, not auto-classified"
ov_codes,ov_UA53A8,UA53A8,,,"NON-STANDARD FORMAT: does not match ICD-10 letter+digit pattern -- needs manual review, not auto-classified"
ov_codes,ov_UA53B0,UA53B0,,,"NON-STANDARD FORMAT: does not match ICD-10 letter+digit pattern -- needs manual review, not auto-classified"
ov_codes,ov_UA53B1,UA53B1,,,"NON-STANDARD FORMAT: does not match ICD-10 letter+digit pattern -- needs manual review, not auto-classified"
ov_codes,ov_UA53B2,UA53B2,,,"NON-STANDARD FORMAT: does not match ICD-10 letter+digit pattern -- needs manual review, not auto-classified"
ov_codes,ov_UA53B8,UA53B8,,,"NON-STANDARD FORMAT: does not match ICD-10 letter+digit pattern -- needs manual review, not auto-classified"
ov_codes,ov_UB1141,UB1141,,,"NON-STANDARD FORMAT: does not match ICD-10 letter+digit pattern -- needs manual review, not auto-classified"
ov_codes,ov_UB1142,UB1142,,,"NON-STANDARD FORMAT: does not match ICD-10 letter+digit pattern -- needs manual review, not auto-classified"
ov_codes,ov_UB144,UB144,,,"NON-STANDARD FORMAT: does not match ICD-10 letter+digit pattern -- needs manual review, not auto-classified"
ov_codes,ov_UB1440,UB1440,,,"NON-STANDARD FORMAT: does not match ICD-10 letter+digit pattern -- needs manual review, not auto-classified"
ov_codes,ov_UB1441,UB1441,,,"NON-STANDARD FORMAT: does not match ICD-10 letter+digit pattern -- needs manual review, not auto-classified"
ov_codes,ov_UB1442,UB1442,,,"NON-STANDARD FORMAT: does not match ICD-10 letter+digit pattern -- needs manual review, not auto-classified"
ov_codes,ov_UB1443,UB1443,,,"NON-STANDARD FORMAT: does not match ICD-10 letter+digit pattern -- needs manual review, not auto-classified"
ov_codes,ov_UB1444,UB1444,,,"NON-STANDARD FORMAT: does not match ICD-10 letter+digit pattern -- needs manual review, not auto-classified"
ov_codes,ov_UB1448,UB1448,,,"NON-STANDARD FORMAT: does not match ICD-10 letter+digit pattern -- needs manual review, not auto-classified"
ov_codes,ov_UB1449,UB1449,,,"NON-STANDARD FORMAT: does not match ICD-10 letter+digit pattern -- needs manual review, not auto-classified"
ov_codes,ov_UB164,UB164,,,"NON-STANDARD FORMAT: does not match ICD-10 letter+digit pattern -- needs manual review, not auto-classified"
ov_codes,ov_UB1640,UB1640,,,"NON-STANDARD FORMAT: does not match ICD-10 letter+digit pattern -- needs manual review, not auto-classified"
ov_codes,ov_UB1641,UB1641,,,"NON-STANDARD FORMAT: does not match ICD-10 letter+digit pattern -- needs manual review, not auto-classified"
ov_codes,ov_UB1642,UB1642,,,"NON-STANDARD FORMAT: does not match ICD-10 letter+digit pattern -- needs manual review, not auto-classified"
ov_codes,ov_UB1643,UB1643,,,"NON-STANDARD FORMAT: does not match ICD-10 letter+digit pattern -- needs manual review, not auto-classified"
ov_codes,ov_UB1644,UB1644,,,"NON-STANDARD FORMAT: does not match ICD-10 letter+digit pattern -- needs manual review, not auto-classified"
ov_codes,ov_UB1648,UB1648,,,"NON-STANDARD FORMAT: does not match ICD-10 letter+digit pattern -- needs manual review, not auto-classified"
ov_codes,ov_US1,US1,,,"NON-STANDARD FORMAT: does not match ICD-10 letter+digit pattern -- needs manual review, not auto-classified"
ov_codes,ov_US2,US2,,,"NON-STANDARD FORMAT: does not match ICD-10 letter+digit pattern -- needs manual review, not auto-classified"
ov_codes,ov_UX100,UX100,,,"NON-STANDARD FORMAT: does not match ICD-10 letter+digit pattern -- needs manual review, not auto-classified"
ov_codes,ov_V70C,V70C,External causes of morbidity and mortality,,
ov_codes,ov_X,X,,,"NON-STANDARD FORMAT: does not match ICD-10 letter+digit pattern -- needs manual review, not auto-classified"
ov_codes,ov_X10-X19,X10-X19,External causes of morbidity and mortality,,
ov_codes,ov_X85-Y09,X85-Y09,External causes of morbidity and mortality,,
ov_codes,ov_XXXX,XXXX,,,"NON-STANDARD FORMAT: does not match ICD-10 letter+digit pattern -- needs manual review, not auto-classified"
ov_codes,ov_Z,Z,,,"NON-STANDARD FORMAT: does not match ICD-10 letter+digit pattern -- needs manual review, not auto-classified"
ov_codes,ov_Z00-Z13,Z00-Z13,Factors influencing health status and contact with health services,,
ov_codes,ov_Z02,Z02,Factors influencing health status and contact with health services,,
ov_codes,ov_Z14,Z14,Factors influencing health status and contact with health services,,
ov_codes,ov_Z20-Z29,Z20-Z29,Factors influencing health status and contact with health services,,
ov_codes,ov_Z23O,Z23O,Factors influencing health status and contact with health services,,
ov_codes,ov_Z30-Z39,Z30-Z39,Factors influencing health status and contact with health services,,
ov_codes,ov_Z321,Z321,Factors influencing health status and contact with health services,,
ov_codes,ov_Z32P,Z32P,Factors influencing health status and contact with health services,,
ov_codes,ov_Z339,Z339,Factors influencing health status and contact with health services,,
ov_codes,ov_Z34,Z34,Factors influencing health status and contact with health services,,
ov_codes,ov_Z35,Z35,Factors influencing health status and contact with health services,,
ov_codes,ov_Z36,Z36,Factors influencing health status and contact with health services,,
ov_codes,ov_Z40-Z54,Z40-Z54,Factors influencing health status and contact with health services,,
ov_codes,ov_Z55-Z65,Z55-Z65,Factors influencing health status and contact with health services,,
ov_codes,ov_Z70-Z76,Z70-Z76,Factors influencing health status and contact with health services,,
ov_codes,ov_Z714,Z714,Factors influencing health status and contact with health services,,
ov_codes,ov_Z721,Z721,Factors influencing health status and contact with health services,,
ov_codes,ov_Z771,Z771,Factors influencing health status and contact with health services,,
ov_codes,ov_Z80-Z99,Z80-Z99,Factors influencing health status and contact with health services,,
ov_codes,ov_Z85,Z85,Factors influencing health status and contact with health services,,
ov_codes,ov_Z861A,Z861A,Factors influencing health status and contact with health services,,
ov_codes,ov_Z861W,Z861W,Factors influencing health status and contact with health services,,
ov_codes,ov_Z940,Z940,Factors influencing health status and contact with health services,,
ov_codes,ov_Z941,Z941,Factors influencing health status and contact with health services,,
ov_codes,ov_Z942,Z942,Factors influencing health status and contact with health services,,
ov_codes,ov_Z943,Z943,Factors influencing health status and contact with health services,,
ov_codes,ov_Z944,Z944,Factors influencing health status and contact with health services,,
ov_codes,ov_Z992,Z992,Factors influencing health status and contact with health services,,
ov_codes,ov_ZO14,ZO14,,,"NON-STANDARD FORMAT: does not match ICD-10 letter+digit pattern -- needs manual review, not auto-classified"
ov_codes,ov_ZO89A,ZO89A,,,"NON-STANDARD FORMAT: does not match ICD-10 letter+digit pattern -- needs manual review, not auto-classified"
ov_codes,ov_ZO98,ZO98,,,"NON-STANDARD FORMAT: does not match ICD-10 letter+digit pattern -- needs manual review, not auto-classified"
ov_codes,ov_ZZ718,ZZ718,,,"NON-STANDARD FORMAT: does not match ICD-10 letter+digit pattern -- needs manual review, not auto-classified"
ov_codes,ov_ZZ961,ZZ961,,,"NON-STANDARD FORMAT: does not match ICD-10 letter+digit pattern -- needs manual review, not auto-classified"
ov_codes,ov_cje20,cje20,,,"NON-STANDARD FORMAT: does not match ICD-10 letter+digit pattern -- needs manual review, not auto-classified"
ov_codes,ov_d480,d480,,,"NON-STANDARD FORMAT: does not match ICD-10 letter+digit pattern -- needs manual review, not auto-classified"
ov_codes,ov_g209,g209,,,"NON-STANDARD FORMAT: does not match ICD-10 letter+digit pattern -- needs manual review, not auto-classified"
ov_codes,ov_h020A,h020A,,,"NON-STANDARD FORMAT: does not match ICD-10 letter+digit pattern -- needs manual review, not auto-classified"
ov_codes,ov_h041,h041,,,"NON-STANDARD FORMAT: does not match ICD-10 letter+digit pattern -- needs manual review, not auto-classified"
ov_codes,ov_h185,h185,,,"NON-STANDARD FORMAT: does not match ICD-10 letter+digit pattern -- needs manual review, not auto-classified"
ov_codes,ov_h200,h200,,,"NON-STANDARD FORMAT: does not match ICD-10 letter+digit pattern -- needs manual review, not auto-classified"
ov_codes,ov_h259,h259,,,"NON-STANDARD FORMAT: does not match ICD-10 letter+digit pattern -- needs manual review, not auto-classified"
ov_codes,ov_h264,h264,,,"NON-STANDARD FORMAT: does not match ICD-10 letter+digit pattern -- needs manual review, not auto-classified"
ov_codes,ov_h333,h333,,,"NON-STANDARD FORMAT: does not match ICD-10 letter+digit pattern -- needs manual review, not auto-classified"
ov_codes,ov_h353,h353,,,"NON-STANDARD FORMAT: does not match ICD-10 letter+digit pattern -- needs manual review, not auto-classified"
ov_codes,ov_h400,h400,,,"NON-STANDARD FORMAT: does not match ICD-10 letter+digit pattern -- needs manual review, not auto-classified"
ov_codes,ov_h4000x,h4000x,,,"NON-STANDARD FORMAT: does not match ICD-10 letter+digit pattern -- needs manual review, not auto-classified"
ov_codes,ov_h400x,h400x,,,"NON-STANDARD FORMAT: does not match ICD-10 letter+digit pattern -- needs manual review, not auto-classified"
ov_codes,ov_h409,h409,,,"NON-STANDARD FORMAT: does not match ICD-10 letter+digit pattern -- needs manual review, not auto-classified"
ov_codes,ov_h438,h438,,,"NON-STANDARD FORMAT: does not match ICD-10 letter+digit pattern -- needs manual review, not auto-classified"
ov_codes,ov_m232,m232,,,"NON-STANDARD FORMAT: does not match ICD-10 letter+digit pattern -- needs manual review, not auto-classified"
ov_codes,ov_m255,m255,,,"NON-STANDARD FORMAT: does not match ICD-10 letter+digit pattern -- needs manual review, not auto-classified"
ov_codes,ov_m480,m480,,,"NON-STANDARD FORMAT: does not match ICD-10 letter+digit pattern -- needs manual review, not auto-classified"
ov_codes,ov_m511a,m511a,,,"NON-STANDARD FORMAT: does not match ICD-10 letter+digit pattern -- needs manual review, not auto-classified"
ov_codes,ov_m796g,m796g,,,"NON-STANDARD FORMAT: does not match ICD-10 letter+digit pattern -- needs manual review, not auto-classified"
ov_codes,ov_n 509,n 509,,,"NON-STANDARD FORMAT: does not match ICD-10 letter+digit pattern -- needs manual review, not auto-classified"
ov_codes,ov_r202,r202,,,"NON-STANDARD FORMAT: does not match ICD-10 letter+digit pattern -- needs manual review, not auto-classified"
ov_codes,ov_r522c,r522c,,,"NON-STANDARD FORMAT: does not match ICD-10 letter+digit pattern -- needs manual review, not auto-classified"
ov_codes,ov_s833,s833,,,"NON-STANDARD FORMAT: does not match ICD-10 letter+digit pattern -- needs manual review, not auto-classified"
ov_codes,ov_z010,z010,,,"NON-STANDARD FORMAT: does not match ICD-10 letter+digit pattern -- needs manual review, not auto-classified"
ov_codes,ov_z7171,z7171,,,"NON-STANDARD FORMAT: does not match ICD-10 letter+digit pattern -- needs manual review, not auto-classified"
ov_codes,ov_z835,z835,,,"NON-STANDARD FORMAT: does not match ICD-10 letter+digit pattern -- needs manual review, not auto-classified"
ov_codes,ov_z961,z961,,,"NON-STANDARD FORMAT: does not match ICD-10 letter+digit pattern -- needs manual review, not auto-classified"
ov_codes,ov_Â´M485,Â´M485,,,"NON-STANDARD FORMAT: does not match ICD-10 letter+digit pattern -- needs manual review, not auto-classified"
ov_codes,ov_Ã¶900,Ã¶900,,,"NON-STANDARD FORMAT: does not match ICD-10 letter+digit pattern -- needs manual review, not auto-classified"
ov_codes,ov_Ë116,Ë116,,,"NON-STANDARD FORMAT: does not match ICD-10 letter+digit pattern -- needs manual review, not auto-classified"
ov_codes,ov_Ì259,Ì259,,,"NON-STANDARD FORMAT: does not match ICD-10 letter+digit pattern -- needs manual review, not auto-classified"
ov_codes,ov_Ï482,Ï482,,,"NON-STANDARD FORMAT: does not match ICD-10 letter+digit pattern -- needs manual review, not auto-classified"
ov_codes,ov_Ï489,Ï489,,,"NON-STANDARD FORMAT: does not match ICD-10 letter+digit pattern -- needs manual review, not auto-classified"
ov_codes,ov_Ï770,Ï770,,,"NON-STANDARD FORMAT: does not match ICD-10 letter+digit pattern -- needs manual review, not auto-classified"
ov_codes,ov_Ú999,Ú999,,,"NON-STANDARD FORMAT: does not match ICD-10 letter+digit pattern -- needs manual review, not auto-classified"
sv_codes,sv_10,10,,,"NON-STANDARD FORMAT: does not match ICD-10 letter+digit pattern -- needs manual review, not auto-classified"
sv_codes,sv_A00-A09,A00-A09,Certain infectious and parasitic diseases,,
sv_codes,sv_A10A,A10A,Certain infectious and parasitic diseases,,
sv_codes,sv_A15-A19,A15-A19,Certain infectious and parasitic diseases,,
sv_codes,sv_A20-A28,A20-A28,Certain infectious and parasitic diseases,,
sv_codes,sv_A30-A49,A30-A49,Certain infectious and parasitic diseases,,
sv_codes,sv_A50-A64,A50-A64,Certain infectious and parasitic diseases,,
sv_codes,sv_A65-A69,A65-A69,Certain infectious and parasitic diseases,,
sv_codes,sv_A70-A74,A70-A74,Certain infectious and parasitic diseases,,
sv_codes,sv_A75-A79,A75-A79,Certain infectious and parasitic diseases,,
sv_codes,sv_A80-A89,A80-A89,Certain infectious and parasitic diseases,,
sv_codes,sv_A909,A909,Certain infectious and parasitic diseases,,
sv_codes,sv_A919,A919,Certain infectious and parasitic diseases,,
sv_codes,sv_A92-A99,A92-A99,Certain infectious and parasitic diseases,,
sv_codes,sv_B00-B09,B00-B09,Certain infectious and parasitic diseases,,
sv_codes,sv_B01AC,B01AC,Certain infectious and parasitic diseases,,
sv_codes,sv_B15-B19,B15-B19,Certain infectious and parasitic diseases,,
sv_codes,sv_B20-B24,B20-B24,Certain infectious and parasitic diseases,,
sv_codes,sv_B25-B34,B25-B34,Certain infectious and parasitic diseases,,
sv_codes,sv_B342,B342,Certain infectious and parasitic diseases,,
sv_codes,sv_B35-B49,B35-B49,Certain infectious and parasitic diseases,,
sv_codes,sv_B50-B64,B50-B64,Certain infectious and parasitic diseases,,
sv_codes,sv_B65-B83,B65-B83,Certain infectious and parasitic diseases,,
sv_codes,sv_B85-B89,B85-B89,Certain infectious and parasitic diseases,,
sv_codes,sv_B90-B94,B90-B94,Certain infectious and parasitic diseases,,
sv_codes,sv_B95-B98,B95-B98,Certain infectious and parasitic diseases,,
sv_codes,sv_B99-B99,B99-B99,Certain infectious and parasitic diseases,,
sv_codes,sv_C00,C00,Neoplasms,,
sv_codes,sv_C01,C01,Neoplasms,,
sv_codes,sv_C02,C02,Neoplasms,,
sv_codes,sv_C03,C03,Neoplasms,,
sv_codes,sv_C04,C04,Neoplasms,,
sv_codes,sv_C05,C05,Neoplasms,,
sv_codes,sv_C06,C06,Neoplasms,,
sv_codes,sv_C07,C07,Neoplasms,,
sv_codes,sv_C07A,C07A,Neoplasms,,
sv_codes,sv_C08,C08,Neoplasms,,
sv_codes,sv_C09,C09,Neoplasms,,
sv_codes,sv_C09A,C09A,Neoplasms,,
sv_codes,sv_C10,C10,Neoplasms,,
sv_codes,sv_C11,C11,Neoplasms,,
sv_codes,sv_C12,C12,Neoplasms,,
sv_codes,sv_C13,C13,Neoplasms,,
sv_codes,sv_C14,C14,Neoplasms,,
sv_codes,sv_C15,C15,Neoplasms,,
sv_codes,sv_C16,C16,Neoplasms,,
sv_codes,sv_C17,C17,Neoplasms,,
sv_codes,sv_C18,C18,Neoplasms,,
sv_codes,sv_C19,C19,Neoplasms,,
sv_codes,sv_C20,C20,Neoplasms,,
sv_codes,sv_C21,C21,Neoplasms,,
sv_codes,sv_C22,C22,Neoplasms,,
sv_codes,sv_C23,C23,Neoplasms,,
sv_codes,sv_C24,C24,Neoplasms,,
sv_codes,sv_C25,C25,Neoplasms,,
sv_codes,sv_C26,C26,Neoplasms,,
sv_codes,sv_C30,C30,Neoplasms,,
sv_codes,sv_C31,C31,Neoplasms,,
sv_codes,sv_C32,C32,Neoplasms,,
sv_codes,sv_C33,C33,Neoplasms,,
sv_codes,sv_C34,C34,Neoplasms,,
sv_codes,sv_C37,C37,Neoplasms,,
sv_codes,sv_C38,C38,Neoplasms,,
sv_codes,sv_C39,C39,Neoplasms,,
sv_codes,sv_C40,C40,Neoplasms,,
sv_codes,sv_C41,C41,Neoplasms,,
sv_codes,sv_C43,C43,Neoplasms,,
sv_codes,sv_C44,C44,Neoplasms,,
sv_codes,sv_C45,C45,Neoplasms,,
sv_codes,sv_C46,C46,Neoplasms,,
sv_codes,sv_C47,C47,Neoplasms,,
sv_codes,sv_C48,C48,Neoplasms,,
sv_codes,sv_C49,C49,Neoplasms,,
sv_codes,sv_C50,C50,Neoplasms,,
sv_codes,sv_C51,C51,Neoplasms,,
sv_codes,sv_C52,C52,Neoplasms,,
sv_codes,sv_C53,C53,Neoplasms,,
sv_codes,sv_C54,C54,Neoplasms,,
sv_codes,sv_C55,C55,Neoplasms,,
sv_codes,sv_C56,C56,Neoplasms,,
sv_codes,sv_C57,C57,Neoplasms,,
sv_codes,sv_C58,C58,Neoplasms,,
sv_codes,sv_C60,C60,Neoplasms,,
sv_codes,sv_C61,C61,Neoplasms,,
sv_codes,sv_C62,C62,Neoplasms,,
sv_codes,sv_C63,C63,Neoplasms,,
sv_codes,sv_C64,C64,Neoplasms,,
sv_codes,sv_C65,C65,Neoplasms,,
sv_codes,sv_C66,C66,Neoplasms,,
sv_codes,sv_C67,C67,Neoplasms,,
sv_codes,sv_C68,C68,Neoplasms,,
sv_codes,sv_C69,C69,Neoplasms,,
sv_codes,sv_C70,C70,Neoplasms,,
sv_codes,sv_C71,C71,Neoplasms,,
sv_codes,sv_C72,C72,Neoplasms,,
sv_codes,sv_C73,C73,Neoplasms,,
sv_codes,sv_C74,C74,Neoplasms,,
sv_codes,sv_C75,C75,Neoplasms,,
sv_codes,sv_C76,C76,Neoplasms,,
sv_codes,sv_C77,C77,Neoplasms,,
sv_codes,sv_C78,C78,Neoplasms,,
sv_codes,sv_C79,C79,Neoplasms,,
sv_codes,sv_C80,C80,Neoplasms,,
sv_codes,sv_C81,C81,Neoplasms,,
sv_codes,sv_C82,C82,Neoplasms,,
sv_codes,sv_C83,C83,Neoplasms,,
sv_codes,sv_C84,C84,Neoplasms,,
sv_codes,sv_C85,C85,Neoplasms,,
sv_codes,sv_C86,C86,Neoplasms,,
sv_codes,sv_C88,C88,Neoplasms,,
sv_codes,sv_C90,C90,Neoplasms,,
sv_codes,sv_C91,C91,Neoplasms,,
sv_codes,sv_C92,C92,Neoplasms,,
sv_codes,sv_C93,C93,Neoplasms,,
sv_codes,sv_C94,C94,Neoplasms,,
sv_codes,sv_C95,C95,Neoplasms,,
sv_codes,sv_C96,C96,Neoplasms,,
sv_codes,sv_C97,C97,Neoplasms,,
sv_codes,sv_D00,D00,Neoplasms,,
sv_codes,sv_D01,D01,Neoplasms,,
sv_codes,sv_D02,D02,Neoplasms,,
sv_codes,sv_D03,D03,Neoplasms,,
sv_codes,sv_D04,D04,Neoplasms,,
sv_codes,sv_D05,D05,Neoplasms,,
sv_codes,sv_D06,D06,Neoplasms,,
sv_codes,sv_D07,D07,Neoplasms,,
sv_codes,sv_D09,D09,Neoplasms,,
sv_codes,sv_D10,D10,Neoplasms,,
sv_codes,sv_D11,D11,Neoplasms,,
sv_codes,sv_D12,D12,Neoplasms,,
sv_codes,sv_D13,D13,Neoplasms,,
sv_codes,sv_D14,D14,Neoplasms,,
sv_codes,sv_D15,D15,Neoplasms,,
sv_codes,sv_D16,D16,Neoplasms,,
sv_codes,sv_D17,D17,Neoplasms,,
sv_codes,sv_D18,D18,Neoplasms,,
sv_codes,sv_D19,D19,Neoplasms,,
sv_codes,sv_D20,D20,Neoplasms,,
sv_codes,sv_D21,D21,Neoplasms,,
sv_codes,sv_D22,D22,Neoplasms,,
sv_codes,sv_D23,D23,Neoplasms,,
sv_codes,sv_D24,D24,Neoplasms,,
sv_codes,sv_D25,D25,Neoplasms,,
sv_codes,sv_D26,D26,Neoplasms,,
sv_codes,sv_D27,D27,Neoplasms,,
sv_codes,sv_D28,D28,Neoplasms,,
sv_codes,sv_D29,D29,Neoplasms,,
sv_codes,sv_D30,D30,Neoplasms,,
sv_codes,sv_D31,D31,Neoplasms,,
sv_codes,sv_D32,D32,Neoplasms,,
sv_codes,sv_D33,D33,Neoplasms,,
sv_codes,sv_D34,D34,Neoplasms,,
sv_codes,sv_D35,D35,Neoplasms,,
sv_codes,sv_D36,D36,Neoplasms,,
sv_codes,sv_D37,D37,Neoplasms,,
sv_codes,sv_D38,D38,Neoplasms,,
sv_codes,sv_D39,D39,Neoplasms,,
sv_codes,sv_D40,D40,Neoplasms,,
sv_codes,sv_D41,D41,Neoplasms,,
sv_codes,sv_D42,D42,Neoplasms,,
sv_codes,sv_D43,D43,Neoplasms,,
sv_codes,sv_D44,D44,Neoplasms,,
sv_codes,sv_D45,D45,Neoplasms,,
sv_codes,sv_D46,D46,Neoplasms,,
sv_codes,sv_D47,D47,Neoplasms,,
sv_codes,sv_D48,D48,Neoplasms,,
sv_codes,sv_D50,D50,Diseases of the blood/blood-forming organs and certain immune disorders,,
sv_codes,sv_D51,D51,Diseases of the blood/blood-forming organs and certain immune disorders,,
sv_codes,sv_D52,D52,Diseases of the blood/blood-forming organs and certain immune disorders,,
sv_codes,sv_D53,D53,Diseases of the blood/blood-forming organs and certain immune disorders,,
sv_codes,sv_D55,D55,Diseases of the blood/blood-forming organs and certain immune disorders,,
sv_codes,sv_D56,D56,Diseases of the blood/blood-forming organs and certain immune disorders,,
sv_codes,sv_D57,D57,Diseases of the blood/blood-forming organs and certain immune disorders,,
sv_codes,sv_D58,D58,Diseases of the blood/blood-forming organs and certain immune disorders,,
sv_codes,sv_D59,D59,Diseases of the blood/blood-forming organs and certain immune disorders,,
sv_codes,sv_D60,D60,Diseases of the blood/blood-forming organs and certain immune disorders,,
sv_codes,sv_D61,D61,Diseases of the blood/blood-forming organs and certain immune disorders,,
sv_codes,sv_D62,D62,Diseases of the blood/blood-forming organs and certain immune disorders,,
sv_codes,sv_D63,D63,Diseases of the blood/blood-forming organs and certain immune disorders,,
sv_codes,sv_D64,D64,Diseases of the blood/blood-forming organs and certain immune disorders,,
sv_codes,sv_D65,D65,Diseases of the blood/blood-forming organs and certain immune disorders,,
sv_codes,sv_D66,D66,Diseases of the blood/blood-forming organs and certain immune disorders,,
sv_codes,sv_D67,D67,Diseases of the blood/blood-forming organs and certain immune disorders,,
sv_codes,sv_D68,D68,Diseases of the blood/blood-forming organs and certain immune disorders,,
sv_codes,sv_D69,D69,Diseases of the blood/blood-forming organs and certain immune disorders,,
sv_codes,sv_D70,D70,Diseases of the blood/blood-forming organs and certain immune disorders,,
sv_codes,sv_D71,D71,Diseases of the blood/blood-forming organs and certain immune disorders,,
sv_codes,sv_D72,D72,Diseases of the blood/blood-forming organs and certain immune disorders,,
sv_codes,sv_D73,D73,Diseases of the blood/blood-forming organs and certain immune disorders,,
sv_codes,sv_D74,D74,Diseases of the blood/blood-forming organs and certain immune disorders,,
sv_codes,sv_D75,D75,Diseases of the blood/blood-forming organs and certain immune disorders,,
sv_codes,sv_D76,D76,Diseases of the blood/blood-forming organs and certain immune disorders,,
sv_codes,sv_D77,D77,Diseases of the blood/blood-forming organs and certain immune disorders,,
sv_codes,sv_D80,D80,Diseases of the blood/blood-forming organs and certain immune disorders,,
sv_codes,sv_D81,D81,Diseases of the blood/blood-forming organs and certain immune disorders,,
sv_codes,sv_D82,D82,Diseases of the blood/blood-forming organs and certain immune disorders,,
sv_codes,sv_D83,D83,Diseases of the blood/blood-forming organs and certain immune disorders,,
sv_codes,sv_D84,D84,Diseases of the blood/blood-forming organs and certain immune disorders,,
sv_codes,sv_D86,D86,Diseases of the blood/blood-forming organs and certain immune disorders,,
sv_codes,sv_D89,D89,Diseases of the blood/blood-forming organs and certain immune disorders,,
sv_codes,sv_E00-E07,E00-E07,"Endocrine, nutritional and metabolic diseases",,
sv_codes,sv_E10,E10,"Endocrine, nutritional and metabolic diseases",,
sv_codes,sv_E102,E102,"Endocrine, nutritional and metabolic diseases",,
sv_codes,sv_E102A,E102A,"Endocrine, nutritional and metabolic diseases",,
sv_codes,sv_E102B,E102B,"Endocrine, nutritional and metabolic diseases",,
sv_codes,sv_E102C,E102C,"Endocrine, nutritional and metabolic diseases",,
sv_codes,sv_E102W,E102W,"Endocrine, nutritional and metabolic diseases",,
sv_codes,sv_E102X,E102X,"Endocrine, nutritional and metabolic diseases",,
sv_codes,sv_E103,E103,"Endocrine, nutritional and metabolic diseases",,
sv_codes,sv_E103A,E103A,"Endocrine, nutritional and metabolic diseases",,
sv_codes,sv_E103B,E103B,"Endocrine, nutritional and metabolic diseases",,
sv_codes,sv_E103C,E103C,"Endocrine, nutritional and metabolic diseases",,
sv_codes,sv_E103D,E103D,"Endocrine, nutritional and metabolic diseases",,
sv_codes,sv_E103E,E103E,"Endocrine, nutritional and metabolic diseases",,
sv_codes,sv_E103F,E103F,"Endocrine, nutritional and metabolic diseases",,
sv_codes,sv_E103W,E103W,"Endocrine, nutritional and metabolic diseases",,
sv_codes,sv_E103X,E103X,"Endocrine, nutritional and metabolic diseases",,
sv_codes,sv_E105,E105,"Endocrine, nutritional and metabolic diseases",,
sv_codes,sv_E105A,E105A,"Endocrine, nutritional and metabolic diseases",,
sv_codes,sv_E105B,E105B,"Endocrine, nutritional and metabolic diseases",,
sv_codes,sv_E105W,E105W,"Endocrine, nutritional and metabolic diseases",,
sv_codes,sv_E105X,E105X,"Endocrine, nutritional and metabolic diseases",,
sv_codes,sv_E106,E106,"Endocrine, nutritional and metabolic diseases",,
sv_codes,sv_E106A,E106A,"Endocrine, nutritional and metabolic diseases",,
sv_codes,sv_E106D,E106D,"Endocrine, nutritional and metabolic diseases",,
sv_codes,sv_E106E,E106E,"Endocrine, nutritional and metabolic diseases",,
sv_codes,sv_E106F,E106F,"Endocrine, nutritional and metabolic diseases",,
sv_codes,sv_E106W,E106W,"Endocrine, nutritional and metabolic diseases",,
sv_codes,sv_E107,E107,"Endocrine, nutritional and metabolic diseases",,
sv_codes,sv_E108,E108,"Endocrine, nutritional and metabolic diseases",,
sv_codes,sv_E11,E11,"Endocrine, nutritional and metabolic diseases",,
sv_codes,sv_E112,E112,"Endocrine, nutritional and metabolic diseases",,
sv_codes,sv_E112A,E112A,"Endocrine, nutritional and metabolic diseases",,
sv_codes,sv_E112B,E112B,"Endocrine, nutritional and metabolic diseases",,
sv_codes,sv_E112C,E112C,"Endocrine, nutritional and metabolic diseases",,
sv_codes,sv_E112W,E112W,"Endocrine, nutritional and metabolic diseases",,
sv_codes,sv_E112X,E112X,"Endocrine, nutritional and metabolic diseases",,
sv_codes,sv_E115,E115,"Endocrine, nutritional and metabolic diseases",,
sv_codes,sv_E115A,E115A,"Endocrine, nutritional and metabolic diseases",,
sv_codes,sv_E115B,E115B,"Endocrine, nutritional and metabolic diseases",,
sv_codes,sv_E115W,E115W,"Endocrine, nutritional and metabolic diseases",,
sv_codes,sv_E115X,E115X,"Endocrine, nutritional and metabolic diseases",,
sv_codes,sv_E117,E117,"Endocrine, nutritional and metabolic diseases",,
sv_codes,sv_E118,E118,"Endocrine, nutritional and metabolic diseases",,
sv_codes,sv_E118P,E118P,"Endocrine, nutritional and metabolic diseases",,
sv_codes,sv_E12,E12,"Endocrine, nutritional and metabolic diseases",,
sv_codes,sv_E13,E13,"Endocrine, nutritional and metabolic diseases",,
sv_codes,sv_E14,E14,"Endocrine, nutritional and metabolic diseases",,
sv_codes,sv_E15-E16,E15-E16,"Endocrine, nutritional and metabolic diseases",,
sv_codes,sv_E20-E35,E20-E35,"Endocrine, nutritional and metabolic diseases",,
sv_codes,sv_E244,E244,"Endocrine, nutritional and metabolic diseases",,
sv_codes,sv_E271,E271,"Endocrine, nutritional and metabolic diseases",,
sv_codes,sv_E274,E274,"Endocrine, nutritional and metabolic diseases",,
sv_codes,sv_E40-E46,E40-E46,"Endocrine, nutritional and metabolic diseases",,
sv_codes,sv_E50-E64,E50-E64,"Endocrine, nutritional and metabolic diseases",,
sv_codes,sv_E65-E68,E65-E68,"Endocrine, nutritional and metabolic diseases",,
sv_codes,sv_E66,E66,"Endocrine, nutritional and metabolic diseases",,
sv_codes,sv_E70-E90,E70-E90,"Endocrine, nutritional and metabolic diseases",,
sv_codes,sv_E840,E840,"Endocrine, nutritional and metabolic diseases",,
sv_codes,sv_E841,E841,"Endocrine, nutritional and metabolic diseases",,
sv_codes,sv_E848,E848,"Endocrine, nutritional and metabolic diseases",,
sv_codes,sv_E849,E849,"Endocrine, nutritional and metabolic diseases",,
sv_codes,sv_F00,F00,Mental and behavioural disorders,,
sv_codes,sv_F01,F01,Mental and behavioural disorders,,
sv_codes,sv_F02,F02,Mental and behavioural disorders,,
sv_codes,sv_F03,F03,Mental and behavioural disorders,,
sv_codes,sv_F039,F039,Mental and behavioural disorders,,
sv_codes,sv_F04,F04,Mental and behavioural disorders,,
sv_codes,sv_F05,F05,Mental and behavioural disorders,,
sv_codes,sv_F06,F06,Mental and behavioural disorders,,
sv_codes,sv_F07,F07,Mental and behavioural disorders,,
sv_codes,sv_F09,F09,Mental and behavioural disorders,,
sv_codes,sv_F10,F10,Mental and behavioural disorders,,
sv_codes,sv_F107A,F107A,Mental and behavioural disorders,,
sv_codes,sv_F11,F11,Mental and behavioural disorders,,
sv_codes,sv_F12,F12,Mental and behavioural disorders,,
sv_codes,sv_F13,F13,Mental and behavioural disorders,,
sv_codes,sv_F14,F14,Mental and behavioural disorders,,
sv_codes,sv_F15,F15,Mental and behavioural disorders,,
sv_codes,sv_F16,F16,Mental and behavioural disorders,,
sv_codes,sv_F17,F17,Mental and behavioural disorders,,
sv_codes,sv_F18,F18,Mental and behavioural disorders,,
sv_codes,sv_F19,F19,Mental and behavioural disorders,,
sv_codes,sv_F20,F20,Mental and behavioural disorders,,
sv_codes,sv_F21,F21,Mental and behavioural disorders,,
sv_codes,sv_F22,F22,Mental and behavioural disorders,,
sv_codes,sv_F23,F23,Mental and behavioural disorders,,
sv_codes,sv_F24,F24,Mental and behavioural disorders,,
sv_codes,sv_F25,F25,Mental and behavioural disorders,,
sv_codes,sv_F28,F28,Mental and behavioural disorders,,
sv_codes,sv_F29,F29,Mental and behavioural disorders,,
sv_codes,sv_F30,F30,Mental and behavioural disorders,,
sv_codes,sv_F31,F31,Mental and behavioural disorders,,
sv_codes,sv_F32,F32,Mental and behavioural disorders,,
sv_codes,sv_F33,F33,Mental and behavioural disorders,,
sv_codes,sv_F34,F34,Mental and behavioural disorders,,
sv_codes,sv_F38,F38,Mental and behavioural disorders,,
sv_codes,sv_F39,F39,Mental and behavioural disorders,,
sv_codes,sv_F40,F40,Mental and behavioural disorders,,
sv_codes,sv_F41,F41,Mental and behavioural disorders,,
sv_codes,sv_F42,F42,Mental and behavioural disorders,,
sv_codes,sv_F43,F43,Mental and behavioural disorders,,
sv_codes,sv_F44,F44,Mental and behavioural disorders,,
sv_codes,sv_F45,F45,Mental and behavioural disorders,,
sv_codes,sv_F48,F48,Mental and behavioural disorders,,
sv_codes,sv_F50,F50,Mental and behavioural disorders,,
sv_codes,sv_F51,F51,Mental and behavioural disorders,,
sv_codes,sv_F52,F52,Mental and behavioural disorders,,
sv_codes,sv_F53,F53,Mental and behavioural disorders,,
sv_codes,sv_F54,F54,Mental and behavioural disorders,,
sv_codes,sv_F55,F55,Mental and behavioural disorders,,
sv_codes,sv_F59,F59,Mental and behavioural disorders,,
sv_codes,sv_F60,F60,Mental and behavioural disorders,,
sv_codes,sv_F61,F61,Mental and behavioural disorders,,
sv_codes,sv_F62,F62,Mental and behavioural disorders,,
sv_codes,sv_F63,F63,Mental and behavioural disorders,,
sv_codes,sv_F64,F64,Mental and behavioural disorders,,
sv_codes,sv_F65,F65,Mental and behavioural disorders,,
sv_codes,sv_F66,F66,Mental and behavioural disorders,,
sv_codes,sv_F68,F68,Mental and behavioural disorders,,
sv_codes,sv_F69,F69,Mental and behavioural disorders,,
sv_codes,sv_F70,F70,Mental and behavioural disorders,,
sv_codes,sv_F71,F71,Mental and behavioural disorders,,
sv_codes,sv_F72,F72,Mental and behavioural disorders,,
sv_codes,sv_F73,F73,Mental and behavioural disorders,,
sv_codes,sv_F78,F78,Mental and behavioural disorders,,
sv_codes,sv_F79,F79,Mental and behavioural disorders,,
sv_codes,sv_F80,F80,Mental and behavioural disorders,,
sv_codes,sv_F81,F81,Mental and behavioural disorders,,
sv_codes,sv_F82,F82,Mental and behavioural disorders,,
sv_codes,sv_F83,F83,Mental and behavioural disorders,,
sv_codes,sv_F84,F84,Mental and behavioural disorders,,
sv_codes,sv_F88,F88,Mental and behavioural disorders,,
sv_codes,sv_F89,F89,Mental and behavioural disorders,,
sv_codes,sv_F90,F90,Mental and behavioural disorders,,
sv_codes,sv_F91,F91,Mental and behavioural disorders,,
sv_codes,sv_F92,F92,Mental and behavioural disorders,,
sv_codes,sv_F93,F93,Mental and behavioural disorders,,
sv_codes,sv_F94,F94,Mental and behavioural disorders,,
sv_codes,sv_F95,F95,Mental and behavioural disorders,,
sv_codes,sv_F98,F98,Mental and behavioural disorders,,
sv_codes,sv_F99,F99,Mental and behavioural disorders,,
sv_codes,sv_FTEL,FTEL,,,"NON-STANDARD FORMAT: does not match ICD-10 letter+digit pattern -- needs manual review, not auto-classified"
sv_codes,sv_G00-G09,G00-G09,Diseases of the nervous system,,
sv_codes,sv_G10,G10,Diseases of the nervous system,,
sv_codes,sv_G11,G11,Diseases of the nervous system,,
sv_codes,sv_G12,G12,Diseases of the nervous system,,
sv_codes,sv_G13,G13,Diseases of the nervous system,,
sv_codes,sv_G14,G14,Diseases of the nervous system,,
sv_codes,sv_G20,G20,Diseases of the nervous system,,
sv_codes,sv_G21,G21,Diseases of the nervous system,,
sv_codes,sv_G22,G22,Diseases of the nervous system,,
sv_codes,sv_G23,G23,Diseases of the nervous system,,
sv_codes,sv_G24,G24,Diseases of the nervous system,,
sv_codes,sv_G25,G25,Diseases of the nervous system,,
sv_codes,sv_G26,G26,Diseases of the nervous system,,
sv_codes,sv_G30,G30,Diseases of the nervous system,,
sv_codes,sv_G31,G31,Diseases of the nervous system,,
sv_codes,sv_G312,G312,Diseases of the nervous system,,
sv_codes,sv_G32,G32,Diseases of the nervous system,,
sv_codes,sv_G35,G35,Diseases of the nervous system,,
sv_codes,sv_G36,G36,Diseases of the nervous system,,
sv_codes,sv_G37,G37,Diseases of the nervous system,,
sv_codes,sv_G40-G47,G40-G47,Diseases of the nervous system,,
sv_codes,sv_G50-G59,G50-G59,Diseases of the nervous system,,
sv_codes,sv_G60-G64,G60-G64,Diseases of the nervous system,,
sv_codes,sv_G621,G621,Diseases of the nervous system,,
sv_codes,sv_G70,G70,Diseases of the nervous system,,
sv_codes,sv_G71,G71,Diseases of the nervous system,,
sv_codes,sv_G72,G72,Diseases of the nervous system,,
sv_codes,sv_G721,G721,Diseases of the nervous system,,
sv_codes,sv_G73,G73,Diseases of the nervous system,,
sv_codes,sv_G80,G80,Diseases of the nervous system,,
sv_codes,sv_G81,G81,Diseases of the nervous system,,
sv_codes,sv_G82,G82,Diseases of the nervous system,,
sv_codes,sv_G83,G83,Diseases of the nervous system,,
sv_codes,sv_G90-G99,G90-G99,Diseases of the nervous system,,
sv_codes,sv_H00-H06,H00-H06,Diseases of the eye and adnexa,,
sv_codes,sv_H10-H13,H10-H13,Diseases of the eye and adnexa,,
sv_codes,sv_H15-H22,H15-H22,Diseases of the eye and adnexa,,
sv_codes,sv_H25-H28,H25-H28,Diseases of the eye and adnexa,,
sv_codes,sv_H30-H36,H30-H36,Diseases of the eye and adnexa,,
sv_codes,sv_H40-H42,H40-H42,Diseases of the eye and adnexa,,
sv_codes,sv_H43-H45,H43-H45,Diseases of the eye and adnexa,,
sv_codes,sv_H46-H48,H46-H48,Diseases of the eye and adnexa,,
sv_codes,sv_H49-H52,H49-H52,Diseases of the eye and adnexa,,
sv_codes,sv_H53-H54,H53-H54,Diseases of the eye and adnexa,,
sv_codes,sv_H55-H59,H55-H59,Diseases of the eye and adnexa,,
sv_codes,sv_H60-H62,H60-H62,Diseases of the ear and mastoid process,,
sv_codes,sv_H65-H75,H65-H75,Diseases of the ear and mastoid process,,
sv_codes,sv_H80-H83,H80-H83,Diseases of the ear and mastoid process,,
sv_codes,sv_H90-H95,H90-H95,Diseases of the ear and mastoid process,,
sv_codes,sv_I00,I00,Diseases of the circulatory system,,
sv_codes,sv_I01,I01,Diseases of the circulatory system,,
sv_codes,sv_I02,I02,Diseases of the circulatory system,,
sv_codes,sv_I05,I05,Diseases of the circulatory system,,
sv_codes,sv_I06,I06,Diseases of the circulatory system,,
sv_codes,sv_I07,I07,Diseases of the circulatory system,,
sv_codes,sv_I08,I08,Diseases of the circulatory system,,
sv_codes,sv_I09,I09,Diseases of the circulatory system,,
sv_codes,sv_I10,I10,Diseases of the circulatory system,,
sv_codes,sv_I109,I109,Diseases of the circulatory system,,
sv_codes,sv_I11,I11,Diseases of the circulatory system,,
sv_codes,sv_I110,I110,Diseases of the circulatory system,,
sv_codes,sv_I12,I12,Diseases of the circulatory system,,
sv_codes,sv_I13,I13,Diseases of the circulatory system,,
sv_codes,sv_I130,I130,Diseases of the circulatory system,,
sv_codes,sv_I132,I132,Diseases of the circulatory system,,
sv_codes,sv_I15,I15,Diseases of the circulatory system,,
sv_codes,sv_I20,I20,Diseases of the circulatory system,,
sv_codes,sv_I21,I21,Diseases of the circulatory system,,
sv_codes,sv_I22,I22,Diseases of the circulatory system,,
sv_codes,sv_I23,I23,Diseases of the circulatory system,,
sv_codes,sv_I24,I24,Diseases of the circulatory system,,
sv_codes,sv_I25,I25,Diseases of the circulatory system,,
sv_codes,sv_I26,I26,Diseases of the circulatory system,,
sv_codes,sv_I27,I27,Diseases of the circulatory system,,
sv_codes,sv_I28,I28,Diseases of the circulatory system,,
sv_codes,sv_I30,I30,Diseases of the circulatory system,,
sv_codes,sv_I31,I31,Diseases of the circulatory system,,
sv_codes,sv_I32,I32,Diseases of the circulatory system,,
sv_codes,sv_I33,I33,Diseases of the circulatory system,,
sv_codes,sv_I34,I34,Diseases of the circulatory system,,
sv_codes,sv_I35,I35,Diseases of the circulatory system,,
sv_codes,sv_I36,I36,Diseases of the circulatory system,,
sv_codes,sv_I37,I37,Diseases of the circulatory system,,
sv_codes,sv_I38,I38,Diseases of the circulatory system,,
sv_codes,sv_I39,I39,Diseases of the circulatory system,,
sv_codes,sv_I40,I40,Diseases of the circulatory system,,
sv_codes,sv_I41,I41,Diseases of the circulatory system,,
sv_codes,sv_I42,I42,Diseases of the circulatory system,,
sv_codes,sv_I426,I426,Diseases of the circulatory system,,
sv_codes,sv_I43,I43,Diseases of the circulatory system,,
sv_codes,sv_I44,I44,Diseases of the circulatory system,,
sv_codes,sv_I45,I45,Diseases of the circulatory system,,
sv_codes,sv_I46,I46,Diseases of the circulatory system,,
sv_codes,sv_I47,I47,Diseases of the circulatory system,,
sv_codes,sv_I48,I48,Diseases of the circulatory system,,
sv_codes,sv_I49,I49,Diseases of the circulatory system,,
sv_codes,sv_I50,I50,Diseases of the circulatory system,,
sv_codes,sv_I51,I51,Diseases of the circulatory system,,
sv_codes,sv_I52,I52,Diseases of the circulatory system,,
sv_codes,sv_I60,I60,Diseases of the circulatory system,,
sv_codes,sv_I61,I61,Diseases of the circulatory system,,
sv_codes,sv_I62,I62,Diseases of the circulatory system,,
sv_codes,sv_I63,I63,Diseases of the circulatory system,,
sv_codes,sv_I64,I64,Diseases of the circulatory system,,
sv_codes,sv_I649,I649,Diseases of the circulatory system,,
sv_codes,sv_I65,I65,Diseases of the circulatory system,,
sv_codes,sv_I66,I66,Diseases of the circulatory system,,
sv_codes,sv_I67,I67,Diseases of the circulatory system,,
sv_codes,sv_I68,I68,Diseases of the circulatory system,,
sv_codes,sv_I69,I69,Diseases of the circulatory system,,
sv_codes,sv_I691,I691,Diseases of the circulatory system,,
sv_codes,sv_I693,I693,Diseases of the circulatory system,,
sv_codes,sv_I694,I694,Diseases of the circulatory system,,
sv_codes,sv_I698,I698,Diseases of the circulatory system,,
sv_codes,sv_I70,I70,Diseases of the circulatory system,,
sv_codes,sv_I71,I71,Diseases of the circulatory system,,
sv_codes,sv_I72,I72,Diseases of the circulatory system,,
sv_codes,sv_I73,I73,Diseases of the circulatory system,,
sv_codes,sv_I74,I74,Diseases of the circulatory system,,
sv_codes,sv_I77,I77,Diseases of the circulatory system,,
sv_codes,sv_I78,I78,Diseases of the circulatory system,,
sv_codes,sv_I79,I79,Diseases of the circulatory system,,
sv_codes,sv_I80,I80,Diseases of the circulatory system,,
sv_codes,sv_I81,I81,Diseases of the circulatory system,,
sv_codes,sv_I82,I82,Diseases of the circulatory system,,
sv_codes,sv_I83,I83,Diseases of the circulatory system,,
sv_codes,sv_I84,I84,Diseases of the circulatory system,,
sv_codes,sv_I85,I85,Diseases of the circulatory system,,
sv_codes,sv_I86,I86,Diseases of the circulatory system,,
sv_codes,sv_I87,I87,Diseases of the circulatory system,,
sv_codes,sv_I88,I88,Diseases of the circulatory system,,
sv_codes,sv_I89,I89,Diseases of the circulatory system,,
sv_codes,sv_I95,I95,Diseases of the circulatory system,,
sv_codes,sv_I97,I97,Diseases of the circulatory system,,
sv_codes,sv_I98,I98,Diseases of the circulatory system,,
sv_codes,sv_I99,I99,Diseases of the circulatory system,,
sv_codes,sv_J00,J00,Diseases of the respiratory system,,
sv_codes,sv_J01,J01,Diseases of the respiratory system,,
sv_codes,sv_J02,J02,Diseases of the respiratory system,,
sv_codes,sv_J03,J03,Diseases of the respiratory system,,
sv_codes,sv_J04,J04,Diseases of the respiratory system,,
sv_codes,sv_J05,J05,Diseases of the respiratory system,,
sv_codes,sv_J06,J06,Diseases of the respiratory system,,
sv_codes,sv_J07BB,J07BB,Diseases of the respiratory system,,
sv_codes,sv_J09,J09,Diseases of the respiratory system,,
sv_codes,sv_J10,J10,Diseases of the respiratory system,,
sv_codes,sv_J11,J11,Diseases of the respiratory system,,
sv_codes,sv_J12,J12,Diseases of the respiratory system,,
sv_codes,sv_J13,J13,Diseases of the respiratory system,,
sv_codes,sv_J14,J14,Diseases of the respiratory system,,
sv_codes,sv_J15,J15,Diseases of the respiratory system,,
sv_codes,sv_J16,J16,Diseases of the respiratory system,,
sv_codes,sv_J17,J17,Diseases of the respiratory system,,
sv_codes,sv_J18,J18,Diseases of the respiratory system,,
sv_codes,sv_J20,J20,Diseases of the respiratory system,,
sv_codes,sv_J21,J21,Diseases of the respiratory system,,
sv_codes,sv_J22,J22,Diseases of the respiratory system,,
sv_codes,sv_J30,J30,Diseases of the respiratory system,,
sv_codes,sv_J31,J31,Diseases of the respiratory system,,
sv_codes,sv_J32,J32,Diseases of the respiratory system,,
sv_codes,sv_J33,J33,Diseases of the respiratory system,,
sv_codes,sv_J34,J34,Diseases of the respiratory system,,
sv_codes,sv_J35,J35,Diseases of the respiratory system,,
sv_codes,sv_J36,J36,Diseases of the respiratory system,,
sv_codes,sv_J37,J37,Diseases of the respiratory system,,
sv_codes,sv_J38,J38,Diseases of the respiratory system,,
sv_codes,sv_J39,J39,Diseases of the respiratory system,,
sv_codes,sv_J40,J40,Diseases of the respiratory system,,
sv_codes,sv_J41,J41,Diseases of the respiratory system,,
sv_codes,sv_J42,J42,Diseases of the respiratory system,,
sv_codes,sv_J430,J430,Diseases of the respiratory system,,
sv_codes,sv_J431,J431,Diseases of the respiratory system,,
sv_codes,sv_J432,J432,Diseases of the respiratory system,,
sv_codes,sv_J438,J438,Diseases of the respiratory system,,
sv_codes,sv_J439,J439,Diseases of the respiratory system,,
sv_codes,sv_J44,J44,Diseases of the respiratory system,,
sv_codes,sv_J448,J448,Diseases of the respiratory system,,
sv_codes,sv_J449,J449,Diseases of the respiratory system,,
sv_codes,sv_J449P,J449P,Diseases of the respiratory system,,
sv_codes,sv_J45,J45,Diseases of the respiratory system,,
sv_codes,sv_J46,J46,Diseases of the respiratory system,,
sv_codes,sv_J47,J47,Diseases of the respiratory system,,
sv_codes,sv_J60,J60,Diseases of the respiratory system,,
sv_codes,sv_J61,J61,Diseases of the respiratory system,,
sv_codes,sv_J62,J62,Diseases of the respiratory system,,
sv_codes,sv_J63,J63,Diseases of the respiratory system,,
sv_codes,sv_J64,J64,Diseases of the respiratory system,,
sv_codes,sv_J66,J66,Diseases of the respiratory system,,
sv_codes,sv_J67,J67,Diseases of the respiratory system,,
sv_codes,sv_J68,J68,Diseases of the respiratory system,,
sv_codes,sv_J684,J684,Diseases of the respiratory system,,
sv_codes,sv_J69,J69,Diseases of the respiratory system,,
sv_codes,sv_J70,J70,Diseases of the respiratory system,,
sv_codes,sv_J701,J701,Diseases of the respiratory system,,
sv_codes,sv_J703,J703,Diseases of the respiratory system,,
sv_codes,sv_J80,J80,Diseases of the respiratory system,,
sv_codes,sv_J81,J81,Diseases of the respiratory system,,
sv_codes,sv_J82,J82,Diseases of the respiratory system,,
sv_codes,sv_J840,J840,Diseases of the respiratory system,,
sv_codes,sv_J841,J841,Diseases of the respiratory system,,
sv_codes,sv_J848,J848,Diseases of the respiratory system,,
sv_codes,sv_J849,J849,Diseases of the respiratory system,,
sv_codes,sv_J85,J85,Diseases of the respiratory system,,
sv_codes,sv_J86,J86,Diseases of the respiratory system,,
sv_codes,sv_J90,J90,Diseases of the respiratory system,,
sv_codes,sv_J91,J91,Diseases of the respiratory system,,
sv_codes,sv_J92,J92,Diseases of the respiratory system,,
sv_codes,sv_J93,J93,Diseases of the respiratory system,,
sv_codes,sv_J94,J94,Diseases of the respiratory system,,
sv_codes,sv_J95,J95,Diseases of the respiratory system,,
sv_codes,sv_J96,J96,Diseases of the respiratory system,,
sv_codes,sv_J961,J961,Diseases of the respiratory system,,
sv_codes,sv_J9610,J9610,Diseases of the respiratory system,,
sv_codes,sv_J9611,J9611,Diseases of the respiratory system,,
sv_codes,sv_J9619,J9619,Diseases of the respiratory system,,
sv_codes,sv_J969,J969,Diseases of the respiratory system,,
sv_codes,sv_J9690,J9690,Diseases of the respiratory system,,
sv_codes,sv_J9691,J9691,Diseases of the respiratory system,,
sv_codes,sv_J9699,J9699,Diseases of the respiratory system,,
sv_codes,sv_J98,J98,Diseases of the respiratory system,,
sv_codes,sv_J99,J99,Diseases of the respiratory system,,
sv_codes,sv_K00-K14,K00-K14,Diseases of the digestive system,,
sv_codes,sv_K20-K31,K20-K31,Diseases of the digestive system,,
sv_codes,sv_K292,K292,Diseases of the digestive system,,
sv_codes,sv_K35-K38,K35-K38,Diseases of the digestive system,,
sv_codes,sv_K40-K46,K40-K46,Diseases of the digestive system,,
sv_codes,sv_K50-K52,K50-K52,Diseases of the digestive system,,
sv_codes,sv_K55-K64,K55-K64,Diseases of the digestive system,,
sv_codes,sv_K65-K67,K65-K67,Diseases of the digestive system,,
sv_codes,sv_K70,K70,Diseases of the digestive system,,
sv_codes,sv_K70-K77,K70-K77,Diseases of the digestive system,,
sv_codes,sv_K702,K702,Diseases of the digestive system,,
sv_codes,sv_K703,K703,Diseases of the digestive system,,
sv_codes,sv_K71,K71,Diseases of the digestive system,,
sv_codes,sv_K721,K721,Diseases of the digestive system,,
sv_codes,sv_K729,K729,Diseases of the digestive system,,
sv_codes,sv_K73,K73,Diseases of the digestive system,,
sv_codes,sv_K74,K74,Diseases of the digestive system,,
sv_codes,sv_K75,K75,Diseases of the digestive system,,
sv_codes,sv_K76,K76,Diseases of the digestive system,,
sv_codes,sv_K77,K77,Diseases of the digestive system,,
sv_codes,sv_K80-K87,K80-K87,Diseases of the digestive system,,
sv_codes,sv_K852,K852,Diseases of the digestive system,,
sv_codes,sv_K860,K860,Diseases of the digestive system,,
sv_codes,sv_K90-K93,K90-K93,Diseases of the digestive system,,
sv_codes,sv_L00-L08,L00-L08,Diseases of the skin and subcutaneous tissue,,
sv_codes,sv_L01XC17,L01XC17,Diseases of the skin and subcutaneous tissue,,
sv_codes,sv_L10-L14,L10-L14,Diseases of the skin and subcutaneous tissue,,
sv_codes,sv_L20-L30,L20-L30,Diseases of the skin and subcutaneous tissue,,
sv_codes,sv_L40-L45,L40-L45,Diseases of the skin and subcutaneous tissue,,
sv_codes,sv_L50-L54,L50-L54,Diseases of the skin and subcutaneous tissue,,
sv_codes,sv_L55-L59,L55-L59,Diseases of the skin and subcutaneous tissue,,
sv_codes,sv_L60-L75,L60-L75,Diseases of the skin and subcutaneous tissue,,
sv_codes,sv_L80-L99,L80-L99,Diseases of the skin and subcutaneous tissue,,
sv_codes,sv_M00-M03,M00-M03,Diseases of the musculoskeletal system and connective tissue,,
sv_codes,sv_M05,M05,Diseases of the musculoskeletal system and connective tissue,,
sv_codes,sv_M05-M14,M05-M14,Diseases of the musculoskeletal system and connective tissue,,
sv_codes,sv_M06,M06,Diseases of the musculoskeletal system and connective tissue,,
sv_codes,sv_M08,M08,Diseases of the musculoskeletal system and connective tissue,,
sv_codes,sv_M15-M19,M15-M19,Diseases of the musculoskeletal system and connective tissue,,
sv_codes,sv_M20-M25,M20-M25,Diseases of the musculoskeletal system and connective tissue,,
sv_codes,sv_M30-M36,M30-M36,Diseases of the musculoskeletal system and connective tissue,,
sv_codes,sv_M40-M43,M40-M43,Diseases of the musculoskeletal system and connective tissue,,
sv_codes,sv_M45-M49,M45-M49,Diseases of the musculoskeletal system and connective tissue,,
sv_codes,sv_M50-M54,M50-M54,Diseases of the musculoskeletal system and connective tissue,,
sv_codes,sv_M60-M63,M60-M63,Diseases of the musculoskeletal system and connective tissue,,
sv_codes,sv_M65-M68,M65-M68,Diseases of the musculoskeletal system and connective tissue,,
sv_codes,sv_M70-M79,M70-M79,Diseases of the musculoskeletal system and connective tissue,,
sv_codes,sv_M80-M85,M80-M85,Diseases of the musculoskeletal system and connective tissue,,
sv_codes,sv_M86-M90,M86-M90,Diseases of the musculoskeletal system and connective tissue,,
sv_codes,sv_M91-M94,M91-M94,Diseases of the musculoskeletal system and connective tissue,,
sv_codes,sv_M95-M99,M95-M99,Diseases of the musculoskeletal system and connective tissue,,
sv_codes,sv_N00,N00,Diseases of the genitourinary system,,
sv_codes,sv_N00-N08,N00-N08,Diseases of the genitourinary system,,
sv_codes,sv_N01,N01,Diseases of the genitourinary system,,
sv_codes,sv_N02,N02,Diseases of the genitourinary system,,
sv_codes,sv_N02A,N02A,Diseases of the genitourinary system,,
sv_codes,sv_N02AB,N02AB,Diseases of the genitourinary system,,
sv_codes,sv_N03,N03,Diseases of the genitourinary system,,
sv_codes,sv_N04,N04,Diseases of the genitourinary system,,
sv_codes,sv_N04B,N04B,Diseases of the genitourinary system,,
sv_codes,sv_N05,N05,Diseases of the genitourinary system,,
sv_codes,sv_N05B,N05B,Diseases of the genitourinary system,,
sv_codes,sv_N05BA,N05BA,Diseases of the genitourinary system,,
sv_codes,sv_N05CD,N05CD,Diseases of the genitourinary system,,
sv_codes,sv_N05CF,N05CF,Diseases of the genitourinary system,,
sv_codes,sv_N07,N07,Diseases of the genitourinary system,,
sv_codes,sv_N08,N08,Diseases of the genitourinary system,,
sv_codes,sv_N10-N16,N10-N16,Diseases of the genitourinary system,,
sv_codes,sv_N11,N11,Diseases of the genitourinary system,,
sv_codes,sv_N14,N14,Diseases of the genitourinary system,,
sv_codes,sv_N17-N19,N17-N19,Diseases of the genitourinary system,,
sv_codes,sv_N18,N18,Diseases of the genitourinary system,,
sv_codes,sv_N184,N184,Diseases of the genitourinary system,,
sv_codes,sv_N185,N185,Diseases of the genitourinary system,,
sv_codes,sv_N19-P,N19-P,Diseases of the genitourinary system,,
sv_codes,sv_N199,N199,Diseases of the genitourinary system,,
sv_codes,sv_N20-N23,N20-N23,Diseases of the genitourinary system,,
sv_codes,sv_N25-N29,N25-N29,Diseases of the genitourinary system,,
sv_codes,sv_N30-N39,N30-N39,Diseases of the genitourinary system,,
sv_codes,sv_N40-N51,N40-N51,Diseases of the genitourinary system,,
sv_codes,sv_N60-N64,N60-N64,Diseases of the genitourinary system,,
sv_codes,sv_N70-N77,N70-N77,Diseases of the genitourinary system,,
sv_codes,sv_N80-N98,N80-N98,Diseases of the genitourinary system,,
sv_codes,sv_N99-N99,N99-N99,Diseases of the genitourinary system,,
sv_codes,sv_O00,O00,"Pregnancy, childbirth and the puerperium",,
sv_codes,sv_O01,O01,"Pregnancy, childbirth and the puerperium",,
sv_codes,sv_O02,O02,"Pregnancy, childbirth and the puerperium",,
sv_codes,sv_O03,O03,"Pregnancy, childbirth and the puerperium",,
sv_codes,sv_O04,O04,"Pregnancy, childbirth and the puerperium",,
sv_codes,sv_O05,O05,"Pregnancy, childbirth and the puerperium",,
sv_codes,sv_O06,O06,"Pregnancy, childbirth and the puerperium",,
sv_codes,sv_O07,O07,"Pregnancy, childbirth and the puerperium",,
sv_codes,sv_O08,O08,"Pregnancy, childbirth and the puerperium",,
sv_codes,sv_O10,O10,"Pregnancy, childbirth and the puerperium",,
sv_codes,sv_O11,O11,"Pregnancy, childbirth and the puerperium",,
sv_codes,sv_O12,O12,"Pregnancy, childbirth and the puerperium",,
sv_codes,sv_O13,O13,"Pregnancy, childbirth and the puerperium",,
sv_codes,sv_O14,O14,"Pregnancy, childbirth and the puerperium",,
sv_codes,sv_O15,O15,"Pregnancy, childbirth and the puerperium",,
sv_codes,sv_O16,O16,"Pregnancy, childbirth and the puerperium",,
sv_codes,sv_O20,O20,"Pregnancy, childbirth and the puerperium",,
sv_codes,sv_O21,O21,"Pregnancy, childbirth and the puerperium",,
sv_codes,sv_O22,O22,"Pregnancy, childbirth and the puerperium",,
sv_codes,sv_O23,O23,"Pregnancy, childbirth and the puerperium",,
sv_codes,sv_O24,O24,"Pregnancy, childbirth and the puerperium",,
sv_codes,sv_O25,O25,"Pregnancy, childbirth and the puerperium",,
sv_codes,sv_O26,O26,"Pregnancy, childbirth and the puerperium",,
sv_codes,sv_O28,O28,"Pregnancy, childbirth and the puerperium",,
sv_codes,sv_O29,O29,"Pregnancy, childbirth and the puerperium",,
sv_codes,sv_O30,O30,"Pregnancy, childbirth and the puerperium",,
sv_codes,sv_O31,O31,"Pregnancy, childbirth and the puerperium",,
sv_codes,sv_O32,O32,"Pregnancy, childbirth and the puerperium",,
sv_codes,sv_O33,O33,"Pregnancy, childbirth and the puerperium",,
sv_codes,sv_O34,O34,"Pregnancy, childbirth and the puerperium",,
sv_codes,sv_O35,O35,"Pregnancy, childbirth and the puerperium",,
sv_codes,sv_O36,O36,"Pregnancy, childbirth and the puerperium",,
sv_codes,sv_O40,O40,"Pregnancy, childbirth and the puerperium",,
sv_codes,sv_O41,O41,"Pregnancy, childbirth and the puerperium",,
sv_codes,sv_O42,O42,"Pregnancy, childbirth and the puerperium",,
sv_codes,sv_O43,O43,"Pregnancy, childbirth and the puerperium",,
sv_codes,sv_O44,O44,"Pregnancy, childbirth and the puerperium",,
sv_codes,sv_O45,O45,"Pregnancy, childbirth and the puerperium",,
sv_codes,sv_O46,O46,"Pregnancy, childbirth and the puerperium",,
sv_codes,sv_O47,O47,"Pregnancy, childbirth and the puerperium",,
sv_codes,sv_O48,O48,"Pregnancy, childbirth and the puerperium",,
sv_codes,sv_O60,O60,"Pregnancy, childbirth and the puerperium",,
sv_codes,sv_O61,O61,"Pregnancy, childbirth and the puerperium",,
sv_codes,sv_O62,O62,"Pregnancy, childbirth and the puerperium",,
sv_codes,sv_O63,O63,"Pregnancy, childbirth and the puerperium",,
sv_codes,sv_O64,O64,"Pregnancy, childbirth and the puerperium",,
sv_codes,sv_O65,O65,"Pregnancy, childbirth and the puerperium",,
sv_codes,sv_O66,O66,"Pregnancy, childbirth and the puerperium",,
sv_codes,sv_O67,O67,"Pregnancy, childbirth and the puerperium",,
sv_codes,sv_O68,O68,"Pregnancy, childbirth and the puerperium",,
sv_codes,sv_O69,O69,"Pregnancy, childbirth and the puerperium",,
sv_codes,sv_O70,O70,"Pregnancy, childbirth and the puerperium",,
sv_codes,sv_O71,O71,"Pregnancy, childbirth and the puerperium",,
sv_codes,sv_O72,O72,"Pregnancy, childbirth and the puerperium",,
sv_codes,sv_O73,O73,"Pregnancy, childbirth and the puerperium",,
sv_codes,sv_O74,O74,"Pregnancy, childbirth and the puerperium",,
sv_codes,sv_O75,O75,"Pregnancy, childbirth and the puerperium",,
sv_codes,sv_O80,O80,"Pregnancy, childbirth and the puerperium",,
sv_codes,sv_O81,O81,"Pregnancy, childbirth and the puerperium",,
sv_codes,sv_O82,O82,"Pregnancy, childbirth and the puerperium",,
sv_codes,sv_O83,O83,"Pregnancy, childbirth and the puerperium",,
sv_codes,sv_O84,O84,"Pregnancy, childbirth and the puerperium",,
sv_codes,sv_O85-O92,O85-O92,"Pregnancy, childbirth and the puerperium",,
sv_codes,sv_O88,O88,"Pregnancy, childbirth and the puerperium",,
sv_codes,sv_O94-O99,O94-O99,"Pregnancy, childbirth and the puerperium",,
sv_codes,sv_O98,O98,"Pregnancy, childbirth and the puerperium",,
sv_codes,sv_O99,O99,"Pregnancy, childbirth and the puerperium",,
sv_codes,sv_P00-P04,P00-P04,Certain conditions originating in the perinatal period,,
sv_codes,sv_P05-P08,P05-P08,Certain conditions originating in the perinatal period,,
sv_codes,sv_P10-P15,P10-P15,Certain conditions originating in the perinatal period,,
sv_codes,sv_P20-P29,P20-P29,Certain conditions originating in the perinatal period,,
sv_codes,sv_P35-P39,P35-P39,Certain conditions originating in the perinatal period,,
sv_codes,sv_P50-P61,P50-P61,Certain conditions originating in the perinatal period,,
sv_codes,sv_P70-P74,P70-P74,Certain conditions originating in the perinatal period,,
sv_codes,sv_P75-P78,P75-P78,Certain conditions originating in the perinatal period,,
sv_codes,sv_P80-P83,P80-P83,Certain conditions originating in the perinatal period,,
sv_codes,sv_P90-P96,P90-P96,Certain conditions originating in the perinatal period,,
sv_codes,sv_Q00-Q07,Q00-Q07,"Congenital malformations, deformations and chromosomal abnormalities",,
sv_codes,sv_Q10-Q18,Q10-Q18,"Congenital malformations, deformations and chromosomal abnormalities",,
sv_codes,sv_Q20-Q28,Q20-Q28,"Congenital malformations, deformations and chromosomal abnormalities",,
sv_codes,sv_Q30-Q34,Q30-Q34,"Congenital malformations, deformations and chromosomal abnormalities",,
sv_codes,sv_Q35-Q37,Q35-Q37,"Congenital malformations, deformations and chromosomal abnormalities",,
sv_codes,sv_Q38-Q45,Q38-Q45,"Congenital malformations, deformations and chromosomal abnormalities",,
sv_codes,sv_Q50-Q56,Q50-Q56,"Congenital malformations, deformations and chromosomal abnormalities",,
sv_codes,sv_Q60-Q64,Q60-Q64,"Congenital malformations, deformations and chromosomal abnormalities",,
sv_codes,sv_Q65-Q79,Q65-Q79,"Congenital malformations, deformations and chromosomal abnormalities",,
sv_codes,sv_Q80-Q89,Q80-Q89,"Congenital malformations, deformations and chromosomal abnormalities",,
sv_codes,sv_Q860,Q860,"Congenital malformations, deformations and chromosomal abnormalities",,
sv_codes,sv_Q90-Q99,Q90-Q99,"Congenital malformations, deformations and chromosomal abnormalities",,
sv_codes,sv_R00-R09,R00-R09,"Symptoms, signs and abnormal clinical/laboratory findings, NEC",,
sv_codes,sv_R10-R19,R10-R19,"Symptoms, signs and abnormal clinical/laboratory findings, NEC",,
sv_codes,sv_R20-R23,R20-R23,"Symptoms, signs and abnormal clinical/laboratory findings, NEC",,
sv_codes,sv_R25-R29,R25-R29,"Symptoms, signs and abnormal clinical/laboratory findings, NEC",,
sv_codes,sv_R30-R39,R30-R39,"Symptoms, signs and abnormal clinical/laboratory findings, NEC",,
sv_codes,sv_R40-R46,R40-R46,"Symptoms, signs and abnormal clinical/laboratory findings, NEC",,
sv_codes,sv_R47-R49,R47-R49,"Symptoms, signs and abnormal clinical/laboratory findings, NEC",,
sv_codes,sv_R50-R69,R50-R69,"Symptoms, signs and abnormal clinical/laboratory findings, NEC",,
sv_codes,sv_R70-R79,R70-R79,"Symptoms, signs and abnormal clinical/laboratory findings, NEC",,
sv_codes,sv_R80-R82,R80-R82,"Symptoms, signs and abnormal clinical/laboratory findings, NEC",,
sv_codes,sv_R83-R89,R83-R89,"Symptoms, signs and abnormal clinical/laboratory findings, NEC",,
sv_codes,sv_R90-R94,R90-R94,"Symptoms, signs and abnormal clinical/laboratory findings, NEC",,
sv_codes,sv_R95-R99,R95-R99,"Symptoms, signs and abnormal clinical/laboratory findings, NEC",,
sv_codes,sv_S00-S09,S00-S09,"Injury, poisoning and certain other consequences of external causes",,
sv_codes,sv_S10-S19,S10-S19,"Injury, poisoning and certain other consequences of external causes",,
sv_codes,sv_S20-S29,S20-S29,"Injury, poisoning and certain other consequences of external causes",,
sv_codes,sv_S30-S39,S30-S39,"Injury, poisoning and certain other consequences of external causes",,
sv_codes,sv_S40-S49,S40-S49,"Injury, poisoning and certain other consequences of external causes",,
sv_codes,sv_S50-S59,S50-S59,"Injury, poisoning and certain other consequences of external causes",,
sv_codes,sv_S60-S69,S60-S69,"Injury, poisoning and certain other consequences of external causes",,
sv_codes,sv_S70-S79,S70-S79,"Injury, poisoning and certain other consequences of external causes",,
sv_codes,sv_S80-S89,S80-S89,"Injury, poisoning and certain other consequences of external causes",,
sv_codes,sv_S90-S99,S90-S99,"Injury, poisoning and certain other consequences of external causes",,
sv_codes,sv_T00-T07,T00-T07,"Injury, poisoning and certain other consequences of external causes",,
sv_codes,sv_T08-T14,T08-T14,"Injury, poisoning and certain other consequences of external causes",,
sv_codes,sv_T15-T19,T15-T19,"Injury, poisoning and certain other consequences of external causes",,
sv_codes,sv_T20-T25,T20-T25,"Injury, poisoning and certain other consequences of external causes",,
sv_codes,sv_T26-T28,T26-T28,"Injury, poisoning and certain other consequences of external causes",,
sv_codes,sv_T29-T32,T29-T32,"Injury, poisoning and certain other consequences of external causes",,
sv_codes,sv_T33-T35,T33-T35,"Injury, poisoning and certain other consequences of external causes",,
sv_codes,sv_T36-T50,T36-T50,"Injury, poisoning and certain other consequences of external causes",,
sv_codes,sv_T51-T65,T51-T65,"Injury, poisoning and certain other consequences of external causes",,
sv_codes,sv_T66-T78,T66-T78,"Injury, poisoning and certain other consequences of external causes",,
sv_codes,sv_T79-T79,T79-T79,"Injury, poisoning and certain other consequences of external causes",,
sv_codes,sv_T80-T88,T80-T88,"Injury, poisoning and certain other consequences of external causes",,
sv_codes,sv_T90-T98,T90-T98,"Injury, poisoning and certain other consequences of external causes",,
sv_codes,sv_U049,U049,"Provisional assignment of new diseases of uncertain aetiology or emergency use (WHO special supplementary chapter) -- includes U07.1/U07.2 COVID-19, U08.9 personal history of COVID-19, U09.9 post COVID-19 condition, U10.9 paediatric multisystem inflammatory syndrome associated with COVID-19",,
sv_codes,sv_U070,U070,"Provisional assignment of new diseases of uncertain aetiology or emergency use (WHO special supplementary chapter) -- includes U07.1/U07.2 COVID-19, U08.9 personal history of COVID-19, U09.9 post COVID-19 condition, U10.9 paediatric multisystem inflammatory syndrome associated with COVID-19",,
sv_codes,sv_U071,U071,"Provisional assignment of new diseases of uncertain aetiology or emergency use (WHO special supplementary chapter) -- includes U07.1/U07.2 COVID-19, U08.9 personal history of COVID-19, U09.9 post COVID-19 condition, U10.9 paediatric multisystem inflammatory syndrome associated with COVID-19",,
sv_codes,sv_U072,U072,"Provisional assignment of new diseases of uncertain aetiology or emergency use (WHO special supplementary chapter) -- includes U07.1/U07.2 COVID-19, U08.9 personal history of COVID-19, U09.9 post COVID-19 condition, U10.9 paediatric multisystem inflammatory syndrome associated with COVID-19",,
sv_codes,sv_U089,U089,"Provisional assignment of new diseases of uncertain aetiology or emergency use (WHO special supplementary chapter) -- includes U07.1/U07.2 COVID-19, U08.9 personal history of COVID-19, U09.9 post COVID-19 condition, U10.9 paediatric multisystem inflammatory syndrome associated with COVID-19",,
sv_codes,sv_U091,U091,"Provisional assignment of new diseases of uncertain aetiology or emergency use (WHO special supplementary chapter) -- includes U07.1/U07.2 COVID-19, U08.9 personal history of COVID-19, U09.9 post COVID-19 condition, U10.9 paediatric multisystem inflammatory syndrome associated with COVID-19",,
sv_codes,sv_U099,U099,"Provisional assignment of new diseases of uncertain aetiology or emergency use (WHO special supplementary chapter) -- includes U07.1/U07.2 COVID-19, U08.9 personal history of COVID-19, U09.9 post COVID-19 condition, U10.9 paediatric multisystem inflammatory syndrome associated with COVID-19",,
sv_codes,sv_U109,U109,"Provisional assignment of new diseases of uncertain aetiology or emergency use (WHO special supplementary chapter) -- includes U07.1/U07.2 COVID-19, U08.9 personal history of COVID-19, U09.9 post COVID-19 condition, U10.9 paediatric multisystem inflammatory syndrome associated with COVID-19",,
sv_codes,sv_U82-U85,U82-U85,Resistance to antimicrobial and antineoplastic drugs (WHO special supplementary chapter),,
sv_codes,sv_U98-U99,U98-U99,Provisional codes for new diseases / other special-purpose use (WHO special supplementary chapter),,
sv_codes,sv_UA4401,UA4401,,,"NON-STANDARD FORMAT: does not match ICD-10 letter+digit pattern -- needs manual review, not auto-classified"
sv_codes,sv_UB1441,UB1441,,,"NON-STANDARD FORMAT: does not match ICD-10 letter+digit pattern -- needs manual review, not auto-classified"
sv_codes,sv_UB1442,UB1442,,,"NON-STANDARD FORMAT: does not match ICD-10 letter+digit pattern -- needs manual review, not auto-classified"
sv_codes,sv_UB1443,UB1443,,,"NON-STANDARD FORMAT: does not match ICD-10 letter+digit pattern -- needs manual review, not auto-classified"
sv_codes,sv_UB1448,UB1448,,,"NON-STANDARD FORMAT: does not match ICD-10 letter+digit pattern -- needs manual review, not auto-classified"
sv_codes,sv_UB1642,UB1642,,,"NON-STANDARD FORMAT: does not match ICD-10 letter+digit pattern -- needs manual review, not auto-classified"
sv_codes,sv_UB1643,UB1643,,,"NON-STANDARD FORMAT: does not match ICD-10 letter+digit pattern -- needs manual review, not auto-classified"
sv_codes,sv_UB1648,UB1648,,,"NON-STANDARD FORMAT: does not match ICD-10 letter+digit pattern -- needs manual review, not auto-classified"
sv_codes,sv_UX100,UX100,,,"NON-STANDARD FORMAT: does not match ICD-10 letter+digit pattern -- needs manual review, not auto-classified"
sv_codes,sv_XXXX,XXXX,,,"NON-STANDARD FORMAT: does not match ICD-10 letter+digit pattern -- needs manual review, not auto-classified"
sv_codes,sv_Y85-Y89,Y85-Y89,External causes of morbidity and mortality,,
sv_codes,sv_Z00-Z13,Z00-Z13,Factors influencing health status and contact with health services,,
sv_codes,sv_Z20-Z29,Z20-Z29,Factors influencing health status and contact with health services,,
sv_codes,sv_Z30-Z39,Z30-Z39,Factors influencing health status and contact with health services,,
sv_codes,sv_Z321,Z321,Factors influencing health status and contact with health services,,
sv_codes,sv_Z339,Z339,Factors influencing health status and contact with health services,,
sv_codes,sv_Z34,Z34,Factors influencing health status and contact with health services,,
sv_codes,sv_Z35,Z35,Factors influencing health status and contact with health services,,
sv_codes,sv_Z36,Z36,Factors influencing health status and contact with health services,,
sv_codes,sv_Z40-Z54,Z40-Z54,Factors influencing health status and contact with health services,,
sv_codes,sv_Z55-Z65,Z55-Z65,Factors influencing health status and contact with health services,,
sv_codes,sv_Z70-Z76,Z70-Z76,Factors influencing health status and contact with health services,,
sv_codes,sv_Z714,Z714,Factors influencing health status and contact with health services,,
sv_codes,sv_Z721,Z721,Factors influencing health status and contact with health services,,
sv_codes,sv_Z80-Z99,Z80-Z99,Factors influencing health status and contact with health services,,
sv_codes,sv_Z85,Z85,Factors influencing health status and contact with health services,,
sv_codes,sv_Z861A,Z861A,Factors influencing health status and contact with health services,,
sv_codes,sv_Z940,Z940,Factors influencing health status and contact with health services,,
sv_codes,sv_Z941,Z941,Factors influencing health status and contact with health services,,
sv_codes,sv_Z942,Z942,Factors influencing health status and contact with health services,,
sv_codes,sv_Z943,Z943,Factors influencing health status and contact with health services,,
sv_codes,sv_Z944,Z944,Factors influencing health status and contact with health services,,
sv_codes,sv_Z992,Z992,Factors influencing health status and contact with health services,,
